Handle,REF,Nombre,Categoria,Descripción,Vendido por peso,Opción 1 nombre,Opción 1 valor,Opción 2 nombre,Opción 2 valor,Opción 3 nombre,Opción 3 valor,Precio por defecto,Coste,Codigo de barras,REF del componente,Cantidad del componente,Seguir el Inventario,Disponibles para la venta [Master burger],Precio [Master burger],En inventario [Master burger],Existencias bajas [Master burger],"modificador - ""Extras""","modificador - ""Queso""","modificador - ""Bebidas""","modificador - ""Descuento""","modificador - ""Promos""","modificador - ""Hamburguesas""","modificador - ""Cervezas""","modificador - ""Chilaquiles""","modificador - ""extras combo""","modificador - ""alas kilos""","modificador - ""charolas especiales""","modificador - ""bubbles""","modificador - ""Jarabe""","modificador - ""miches""","modificador - ""als y bon""","modificador - ""CREPAS""","modificador - ""EXTRA ANGUS""","modificador - ""papas promo""","modificador - ""Extras almuerzos""","modificador - ""ACOMPAÑANTES""","modificador - ""POSTRES""","modificador - ""PROTEINAS CARNE""","modificador - ""PROTEINAS POLLO""","modificador - ""COSTILLAS"""
super-hamburguesas,10009,@SUPER HAMBURGUESAS,HAMBURGUESAS,,N,sabor,ARRACHERA HOUSE,,,,,135.00,0.00,,,,N,Y,135.00,,,N,N,N,N,N,Y,N,N,N,N,N,N,N,N,N,N,N,N,N,N,N,N,N,N
super-hamburguesas,10016,,,,,,ATOMICA,,,,,185.00,0.00,,,,,Y,185.00,,,,,,,,,,,,,,,,,,,,,,,,,,
super-hamburguesas,10010,,,,,,BODEGON,,,,,145.00,0.00,,,,,Y,145.00,,,,,,,,,,,,,,,,,,,,,,,,,,
super-hamburguesas,10546,,,,,,Camaron,,,,,185.00,0.00,,,,,Y,185.00,,,,,,,,,,,,,,,,,,,,,,,,,,
super-hamburguesas,10007,,,,,,HAWAIANA,,,,,115.00,0.00,,,,,Y,115.00,,,,,,,,,,,,,,,,,,,,,,,,,,
super-hamburguesas,10012,,,,,,LA FRESA,,,,,145.00,0.00,,,,,Y,145.00,,,,,,,,,,,,,,,,,,,,,,,,,,
super-hamburguesas,10017,,,,,,TOLUQUEÑA,,,,,135.00,0.00,,,,,Y,135.00,,,,,,,,,,,,,,,,,,,,,,,,,,
1/2-orden-ecnhiladas,10477,1/2 orden ecnhiladas,Almuerzos,,N,,,,,,,variable,30.00,,,,N,Y,variable,,,N,N,N,N,N,N,N,N,N,N,N,N,N,N,N,N,N,N,N,N,N,N,N,N
1/2-orden-papas-c-carne,10171,1/2 orden papas c carne,Especiales,,N,,,,,,,90.00,0.00,,,,N,Y,90.00,,,N,N,N,N,N,N,N,N,N,N,N,N,N,N,N,N,N,N,N,N,N,N,N,N
1/2-papas,10247,1/2 papas,Extras,,N,,,,,,,30.00,0.00,,,,N,Y,30.00,,,N,N,N,N,N,N,N,N,N,N,N,N,N,N,N,N,N,N,N,N,N,N,N,N
3-tacos-baja,10415,3 tacos baja,Tacos,,N,,,,,,,100.00,0.00,,,,N,N,100.00,,,N,N,N,N,N,N,N,N,N,N,N,N,N,N,N,N,N,N,N,N,N,N,N,N
aderezo-extra,10223,Aderezo extra,Alitas y Boneless,,N,,,,,,,15.00,0.00,,,,N,Y,15.00,,,N,N,N,N,N,N,N,N,N,N,N,N,N,N,N,N,N,N,N,N,N,N,N,N
adorno,10545,Adorno,Charolas,,N,,,,,,,variable,0.00,,,,N,Y,variable,,,N,N,N,N,N,N,N,N,N,N,N,N,N,N,N,N,N,N,N,N,N,N,N,N
agua-1.5,10458,Agua 1.5,Refrescos,,N,,,,,,,35.00,0.00,,,,N,Y,35.00,,,N,N,N,N,N,N,N,N,N,N,N,N,N,N,N,N,N,N,N,N,N,N,N,N
agua-caliente,10302,Agua caliente,Refrescos,,N,,,,,,,10.00,0.00,,,,N,Y,10.00,,,N,N,N,N,N,N,N,N,N,N,N,N,N,N,N,N,N,N,N,N,N,N,N,N
agua-natural,10079,Agua Embotellada,Refrescos,,N,,,,,,,30.00,10.00,,,,Y,Y,30.00,-95.000,10.000,N,N,N,N,N,N,N,N,N,N,N,N,N,N,N,N,N,N,N,N,N,N,N,N
agua-mineral,10182,Agua mineral,Refrescos,,N,,,,,,,35.00,0.00,,,,Y,Y,35.00,-110.000,15.000,N,N,Y,N,N,N,N,N,N,N,N,N,N,N,N,N,N,N,N,N,N,N,N,N
agua-litro,10096,Agua sabor,Bebidas,,N,sabor,horchata,tamaño,1/2L,,,25.00,0.00,,,,N,Y,25.00,,,N,N,N,N,N,N,N,N,N,N,N,N,N,N,N,N,N,N,N,N,N,N,N,N
agua-litro,10173,,,,,,horchata,,1L,,,40.00,0.00,,,,,Y,40.00,,,N,N,N,N,N,N,N,N,N,N,N,N,N,N,N,N,N,N,N,N,N,N,N,N
agua-litro,10175,,,,,,jamaica,,1/2L,,,25.00,0.00,,,,,Y,25.00,,,N,N,N,N,N,N,N,N,N,N,N,N,N,N,N,N,N,N,N,N,N,N,N,N
agua-litro,10300,,,,,,jamaica,,1L,,,40.00,0.00,,,,,Y,40.00,,,N,N,N,N,N,N,N,N,N,N,N,N,N,N,N,N,N,N,N,N,N,N,N,N
agua-litro,10537,,,,,,tamarindo,,1/2L,,,25.00,0.00,,,,,Y,25.00,,,N,N,N,N,N,N,N,N,N,N,N,N,N,N,N,N,N,N,N,N,N,N,N,N
agua-litro,10538,,,,,,tamarindo,,1L,,,40.00,0.00,,,,,Y,40.00,,,N,N,N,N,N,N,N,N,N,N,N,N,N,N,N,N,N,N,N,N,N,N,N,N
agua-sabor,10254,Agua sabor,Refrescos,,Y,,,,,,,40.00,0.00,,,,N,Y,40.00,,,N,N,N,N,N,N,N,N,N,N,N,N,N,N,N,N,N,N,N,N,N,N,N,N
alambre-mixto,10320,Alambre Mixto,Charolas navideñas,,Y,,,,,,,360.00,0.00,,,,N,Y,360.00,,,N,Y,N,N,N,N,N,N,N,N,N,N,N,N,N,N,N,N,N,N,N,N,N,N
alambres,10575,Alambres,Especiales,,N,sabor,arrachera,,,,,160.00,0.00,,,,N,Y,160.00,,,N,N,N,N,N,N,N,N,N,N,N,N,N,N,N,N,N,N,N,N,N,N,N,N
alambres,10581,,,,,,bisteck,,,,,160.00,0.00,,,,,Y,160.00,,,N,N,N,N,N,N,N,N,N,N,N,N,N,N,N,N,N,N,N,N,N,N,N,N
alambres,10577,,,,,,mixto res y cerdo,,,,,140.00,0.00,,,,,Y,140.00,,,N,N,N,N,N,N,N,N,N,N,N,N,N,N,N,N,N,N,N,N,N,N,N,N
alambres,10576,,,,,,pollo,,,,,135.00,0.00,,,,,Y,135.00,,,N,N,N,N,N,N,N,N,N,N,N,N,N,N,N,N,N,N,N,N,N,N,N,N
alas-stock-1,101061,alas stock,,,Y,,,,,,,variable,0.00,,,,Y,N,variable,120.700,20.000,N,N,N,N,N,N,N,N,N,N,N,N,N,N,N,N,N,N,N,N,N,N,N,N
alitas,10166,ALITAS,Alitas y Boneless,,N,Sabores,ajo parmesano,,,,,110.00,48.00,,,,N,Y,110.00,,,N,N,N,N,N,N,N,N,N,N,N,N,N,N,Y,N,N,N,N,N,N,N,N,N
alitas,10147,,,,,,bbq,,,,,105.00,48.00,,,,,Y,105.00,,,,,,,,,,,,,,,,,,,,,,,,,,
alitas,10156,,,,,,buffalo,,,,,105.00,48.00,,,,,Y,105.00,,,,,,,,,,,,,,,,,,,,,,,,,,
alitas,10158,,,,,,buffranch,,,,,105.00,48.00,,,,,Y,105.00,,,,,,,,,,,,,,,,,,,,,,,,,,
alitas,10170,,,,,,combinadas,,,,,110.00,48.00,,,,,Y,110.00,,,,,,,,,,,,,,,,,,,,,,,,,,
alitas,10172,,,,,,lemmon pepper,,,,,110.00,48.00,,,,,Y,110.00,,,,,,,,,,,,,,,,,,,,,,,,,,
alitas,10163,,,,,,mango habanero,,,,,110.00,48.00,,,,,Y,110.00,,,,,,,,,,,,,,,,,,,,,,,,,,
alitas,10178,,,,,,teriyaki,,,,,105.00,48.00,,,,,Y,105.00,,,,,,,,,,,,,,,,,,,,,,,,,,
alitas-c-papas,10556,Alitas c papas,,,N,,,,,,,130.00,0.00,,,,N,Y,130.00,,,N,N,N,N,N,N,N,N,N,N,N,N,N,N,N,N,N,N,N,N,N,N,N,N
1-kg-alitas-1,10307,Alitas kg,Alitas y Boneless,,Y,,,,,,,220.00,72.00,,,,Y,Y,220.00,-1537.830,,N,N,N,N,N,N,N,N,N,Y,N,N,N,N,N,N,N,N,N,N,N,N,N,N
apio-o-zanahoria,10345,Apio o zanahoria,Extras,,N,,,,,,,15.00,0.00,,,,N,Y,15.00,,,N,N,N,N,N,N,N,N,N,N,N,N,N,N,N,N,N,N,N,N,N,N,N,N
aros-cebolla,10160,Aros cebolla,Extras,,N,,,,,,,95.00,0.00,,,,Y,Y,95.00,-78.000,0.000,N,N,N,N,N,N,N,N,N,N,N,N,N,N,N,N,N,N,N,N,N,N,N,N
aros-de-cebolla-10pz,10368,Aros de cebolla 10pz,Charolas navideñas,,N,,,,,,,100.00,0.00,,,,N,Y,100.00,,,N,N,N,N,N,N,N,N,N,N,N,N,N,N,N,N,N,N,N,N,N,N,N,N
arrachera-monterrey,10313,Arrachera monterrey,Charolas navideñas,,Y,,,,,,,500.00,0.00,,,,N,Y,500.00,,,N,Y,N,N,N,N,N,N,N,N,N,N,N,N,N,N,N,N,N,N,N,N,N,N
arroz-chino,10439,Arroz chino,Sushi,,N,,,,,,,80.00,0.00,,,,N,Y,80.00,,,N,N,N,N,N,N,N,N,N,N,N,N,N,N,N,N,N,N,N,N,N,N,N,N
arroz-frito,10151,ARROZ FRITO,Charolas navideñas,,N,PESO,1/2 LITRO,,,,,60.00,0.00,,,,N,Y,60.00,,,N,N,N,N,N,N,N,N,N,N,N,N,N,N,N,N,N,N,N,N,N,N,N,N
arroz-frito,10155,,,,,,1LITRO,,,,,120.00,0.00,,,,,Y,120.00,,,N,N,N,N,N,N,N,N,N,N,N,N,N,N,N,N,N,N,N,N,N,N,N,N
arroz-plato,10470,Arroz plato,,,N,,,,,,,30.00,0.00,,,,N,Y,30.00,,,N,N,N,N,N,N,N,N,N,N,N,N,N,N,N,N,N,N,N,N,N,N,N,N
baguett-1,10246,Baguett,Almuerzos,,N,,,,,,,80.00,0.00,,,,N,Y,80.00,,,N,N,N,N,N,N,N,N,N,N,N,N,N,N,N,N,N,N,N,N,N,N,N,N
bbq-extra,10135,Bbq extra,Extras,,N,,,,,,,10.00,0.05,,,,N,Y,10.00,,,N,N,N,N,N,N,N,N,N,N,N,N,N,N,N,N,N,N,N,N,N,N,N,N
bebidas-calientes,10517,Bebidas calientes,Bebidas,,N,sabor,cafe americano,,,,,25.00,0.00,,,,N,Y,25.00,,,N,N,N,N,N,N,N,N,N,N,N,N,N,N,N,N,N,N,N,N,N,N,N,N
bebidas-calientes,10518,,,,,,cafe capuchino,,,,,25.00,0.00,,,,,Y,25.00,,,N,N,N,N,N,N,N,N,N,N,N,N,N,N,N,N,N,N,N,N,N,N,N,N
bebidas-calientes,10519,,,,,,cafe con leche,,,,,25.00,0.00,,,,,Y,25.00,,,N,N,N,N,N,N,N,N,N,N,N,N,N,N,N,N,N,N,N,N,N,N,N,N
bebidas-calientes,10536,,,,,,cafe de olla,,,,,25.00,0.00,,,,,Y,25.00,,,N,N,N,N,N,N,N,N,N,N,N,N,N,N,N,N,N,N,N,N,N,N,N,N
bebidas-calientes,10521,,,,,,ponche,,,,,25.00,0.00,,,,,Y,25.00,,,N,N,N,N,N,N,N,N,N,N,N,N,N,N,N,N,N,N,N,N,N,N,N,N
bebidas-calientes,10520,,,,,,te,,,,,25.00,0.00,,,,,Y,25.00,,,N,N,N,N,N,N,N,N,N,N,N,N,N,N,N,N,N,N,N,N,N,N,N,N
berry-smothie,10486,Berry smothie,Bebidas,,N,,,,,,,65.00,0.00,,,,N,Y,65.00,,,N,N,N,N,N,N,N,N,N,N,N,N,N,N,N,N,N,N,N,N,N,N,N,N
birria,10488,Birria,Almuerzos,,N,tamaño,1 litro,,,,,150.00,0.00,,,,N,Y,150.00,,,N,N,N,N,N,N,N,N,N,N,N,N,N,N,N,N,N,N,N,N,N,N,N,N
birria,10239,,,,,,1/2litro,,,,,80.00,0.00,,,,,Y,80.00,,,N,N,N,N,N,N,N,N,N,N,N,N,N,N,N,N,N,N,N,N,N,N,N,N
birria,10498,,,,,,consome,,,,,35.00,0.00,,,,,Y,35.00,,,N,N,N,N,N,N,N,N,N,N,N,N,N,N,N,N,N,N,N,N,N,N,N,N
birria,10497,,,,,,plato,,,,,100.00,0.00,,,,,Y,100.00,,,N,N,N,N,N,N,N,N,N,N,N,N,N,N,N,N,N,N,N,N,N,N,N,N
birria-1,10472,Birria,,,N,,,,,,,45.00,0.00,,,,N,Y,45.00,,,N,N,N,N,N,N,N,N,N,N,N,N,N,N,N,N,N,N,N,N,N,N,N,N
birriamen,10513,Birriamen,Almuerzos,,N,,,,,,,100.00,100.00,,,,N,Y,100.00,,,N,N,N,N,N,N,N,N,N,N,N,N,N,N,N,N,N,N,N,N,N,N,N,N
boing-mini,10185,BOING CAJA,Refrescos,,N,SABORES CAJA,DURAZNO,,,,,35.00,0.00,,,,Y,Y,35.00,1.000,,N,N,N,N,N,N,N,N,N,N,N,N,N,N,N,N,N,N,N,N,N,N,N,N
boing-mini,10181,,,,,,GUAYABA,,,,,35.00,0.00,,,,,Y,35.00,-13.000,,N,N,N,N,N,N,N,N,N,N,N,N,N,N,N,N,N,N,N,N,N,N,N,N
boing-mini,10101,,,,,,MANGO,,,,,35.00,0.00,,,,,Y,35.00,-40.000,0.000,N,N,N,N,N,N,N,N,N,N,N,N,N,N,N,N,N,N,N,N,N,N,N,N
boing-mini,10188,,,,,,MANZANA,,,,,35.00,0.00,,,,,Y,35.00,-11.000,,N,N,N,N,N,N,N,N,N,N,N,N,N,N,N,N,N,N,N,N,N,N,N,N
boing-mini,10180,,,,,,UVA,,,,,35.00,0.00,,,,,Y,35.00,-7.000,,N,N,N,N,N,N,N,N,N,N,N,N,N,N,N,N,N,N,N,N,N,N,N,N
boing-mango,10179,BOING VIDRIO,Refrescos,,N,SABORES VIDRIO,FRESA,,,,,35.00,13.00,,,,Y,Y,35.00,-1.000,,N,N,N,N,N,N,N,N,N,N,N,N,N,N,N,N,N,N,N,N,N,N,N,N
boing-mango,10149,,,,,,GUAYABA,,,,,35.00,13.00,,,,,Y,35.00,-121.000,10.000,N,N,N,N,N,N,N,N,N,N,N,N,N,N,N,N,N,N,N,N,N,N,N,N
boing-mango,10136,,,,,,MANGO,,,,,35.00,13.00,,,,,Y,35.00,-583.000,30.000,N,N,N,N,N,N,N,N,N,N,N,N,N,N,N,N,N,N,N,N,N,N,N,N
boing-mango,10165,,,,,,TAMARINDO,,,,,35.00,13.00,,,,,Y,35.00,0.000,,N,N,N,N,N,N,N,N,N,N,N,N,N,N,N,N,N,N,N,N,N,N,N,N
boing-mango,10159,,,,,,UVA,,,,,35.00,13.00,,,,,Y,35.00,-5.000,,N,N,N,N,N,N,N,N,N,N,N,N,N,N,N,N,N,N,N,N,N,N,N,N
boneless,10029,BONELESS,Alitas y Boneless,,N,SABORES,AJO PARMESANO,,,,,110.00,48.00,,,,N,Y,110.00,,,N,N,N,N,N,Y,N,N,N,N,N,N,N,N,Y,N,N,N,N,N,N,N,N,N
boneless,10008,,,,,,BBQ,,,,,105.00,48.00,,,,,Y,105.00,,,,,,,,,,,,,,,,,,,,,,,,,,
boneless,10013,,,,,,BUFFALO,,,,,105.00,48.00,,,,,Y,105.00,,,,,,,,,,,,,,,,,,,,,,,,,,
boneless,10011,,,,,,BUFFRANCH,,,,,110.00,48.00,,,,,Y,110.00,,,,,,,,,,,,,,,,,,,,,,,,,,
boneless,10106,,,,,,COMBINADOS,,,,,110.00,48.00,,,,,Y,110.00,,,,,,,,,,,,,,,,,,,,,,,,,,
boneless,10142,,,,,,ESPECIALES,,,,,115.00,48.00,,,,,Y,115.00,,,,,,,,,,,,,,,,,,,,,,,,,,
boneless,10030,,,,,,LEMMON PEPPER,,,,,110.00,48.00,,,,,Y,110.00,,,,,,,,,,,,,,,,,,,,,,,,,,
boneless,10028,,,,,,MANGO HABANERO,,,,,110.00,48.00,,,,,Y,110.00,,,,,,,,,,,,,,,,,,,,,,,,,,
boneless,10000,,,,,,NATURALES,,,,,100.00,48.00,,,,,Y,100.00,,,,,,,,,,,,,,,,,,,,,,,,,,
boneless,10103,,,,,,TERIYAKI,,,,,110.00,48.00,,,,,Y,110.00,,,,,,,,,,,,,,,,,,,,,,,,,,
1-kg-boneles,10232,BONELESS KG,Alitas y Boneless,,Y,,,,,,,320.00,157.00,,,,N,Y,320.00,,,N,N,N,N,N,N,N,N,N,N,N,N,N,N,Y,N,N,N,N,N,N,N,N,N
bowl-de-fruta,10225,Bowl de fruta,Almuerzos,,N,,,,,,,45.00,0.00,,,,N,Y,45.00,,,N,N,N,N,N,N,N,N,N,N,N,N,N,N,N,N,N,N,N,N,N,N,N,N
buchanans-shot,10551,Buchanans shot,Drinks,,N,,,,,,,90.00,0.00,,,,N,Y,90.00,,,N,N,N,N,N,N,N,N,N,N,N,N,N,N,N,N,N,N,N,N,N,N,N,N
burger-chicken-tender,10004,Burger kfc,HAMBURGUESAS,,N,piña,10,papas,20,bbq,0,85.00,50.00,,,,N,Y,85.00,,,N,N,N,N,N,Y,N,N,N,N,N,N,N,N,N,N,N,N,N,N,N,N,N,N
burger-res,10001,Burger res,HAMBURGUESAS,,N,piña,$ 10,papas,$ 20,,,70.00,45.00,,,,N,Y,70.00,,,N,N,N,N,N,Y,N,N,N,N,N,N,N,N,N,N,N,N,N,N,N,N,N,N
burrito-de-alambre-c-papas,10372,Burrito de alambre c papas,,,N,,,,,,,100.00,0.00,,,,N,Y,100.00,,,N,N,N,N,N,N,N,N,N,N,N,N,N,N,N,N,N,N,N,N,N,N,N,N
burrito-alambre,10033,Burritos,Burritos y Gringas,,N,sabor,alambre,,,,,135.00,60.00,,,,Y,Y,135.00,-44.000,,Y,N,N,N,N,N,N,N,N,N,N,N,N,N,N,N,N,N,N,N,N,N,N,N
burrito-alambre,10117,,,,,,alambre pollo,,,,,135.00,60.00,,,,,Y,135.00,-2.000,,,,,,,,,,,,,,,,,,,,,,,,,
burrito-alambre,10014,,,,,,arrachera,,,,,145.00,60.00,,,,,Y,145.00,373.000,0.000,,,,,,,,,,,,,,,,,,,,,,,,
burrito-alambre,10015,,,,,,bisteck res,,,,,145.00,60.00,,,,,Y,145.00,-138.000,,,,,,,,,,,,,,,,,,,,,,,,,
burrito-alambre,10032,,,,,,campechano,,,,,135.00,60.00,,,,,Y,135.00,-206.000,,,,,,,,,,,,,,,,,,,,,,,,,
burrito-alambre,10031,,,,,,chuleta,,,,,135.00,60.00,,,,,Y,135.00,-39.000,,,,,,,,,,,,,,,,,,,,,,,,,
burrito-alambre,10035,,,,,,frijoles c chorizo,,,,,105.00,60.00,,,,,Y,105.00,-41.000,,,,,,,,,,,,,,,,,,,,,,,,,
burrito-alambre,10034,,,,,,pastor,,,,,135.00,60.00,,,,,Y,135.00,-74.000,,,,,,,,,,,,,,,,,,,,,,,,,
burrito-alambre,10114,,,,,,suadero,,,,,145.00,60.00,,,,,Y,145.00,-5.000,,,,,,,,,,,,,,,,,,,,,,,,,
caballito-de-tequila,10514,Caballito de tequila,Drinks,,N,,,,,,,75.00,0.00,,,,N,Y,75.00,,,N,N,N,N,N,N,N,N,N,N,N,N,N,N,N,N,N,N,N,N,N,N,N,N
cabeza,10093,Cabeza,Tacos,,N,Tacos,30,Torta,35,,,variable,0.00,,,,N,N,variable,,,N,N,N,N,N,N,N,N,N,N,N,N,N,N,N,N,N,N,N,N,N,N,N,N
café-nescafe,10540,Café nescafe,Bebidas,,N,,,,,,,25.00,0.00,,,,N,Y,25.00,,,N,N,N,N,N,N,N,N,N,N,N,N,N,N,N,N,N,N,N,N,N,N,N,N
caguama,10157,Caguama,Drinks,,N,,,,,,,70.00,0.00,,,,Y,Y,70.00,-152.000,5.000,N,N,N,N,N,N,Y,N,N,N,N,N,N,N,N,N,N,N,N,N,N,N,N,N
caldo-camarones,10437,Caldo camarones,,,N,,,,,,,180.00,0.00,,,,N,Y,180.00,,,N,N,N,N,N,N,N,N,N,N,N,N,N,N,N,N,N,N,N,N,N,N,N,N
caldo-de-pollo,10292,Caldo de pollo,Almuerzos,,N,Mediano,Ala,,,,,40.00,0.00,,,,N,Y,40.00,,,N,N,N,N,N,N,N,N,N,N,N,N,N,N,N,N,N,N,N,N,N,N,N,N
caldo-de-pollo,10263,,,,,,Mollejas,,,,,35.00,0.00,,,,,Y,35.00,,,N,N,N,N,N,N,N,N,N,N,N,N,N,N,N,N,N,N,N,N,N,N,N,N
caldo-de-pollo,10259,,,,,,Muslo,,,,,55.00,0.00,,,,,Y,55.00,,,N,N,N,N,N,N,N,N,N,N,N,N,N,N,N,N,N,N,N,N,N,N,N,N
caldo-de-pollo,10265,,,,,,Pata,,,,,35.00,0.00,,,,,Y,35.00,,,N,N,N,N,N,N,N,N,N,N,N,N,N,N,N,N,N,N,N,N,N,N,N,N
caldo-de-pollo,10262,,,,,,Pierna,,,,,55.00,0.00,,,,,Y,55.00,,,N,N,N,N,N,N,N,N,N,N,N,N,N,N,N,N,N,N,N,N,N,N,N,N
california,10139fo,California,Sushi,,N,,,,,,,70.00,70.00,,,,N,Y,70.00,,,N,N,N,N,N,N,N,N,N,N,N,N,N,N,N,N,N,N,N,N,N,N,N,N
camarones,10428,Camarones,Mariscos,,N,camarones,A la diabla,,,,,170.00,0.00,,,,N,Y,170.00,,,N,N,N,N,N,N,N,N,N,N,N,N,N,N,N,N,N,N,N,N,N,N,N,N
camarones,10431,,,,,,Al coco,,,,,170.00,0.00,,,,,Y,170.00,,,N,N,N,N,N,N,N,N,N,N,N,N,N,N,N,N,N,N,N,N,N,N,N,N
camarones,10429,,,,,,Al mojo de ajo,,,,,170.00,0.00,,,,,Y,170.00,,,N,N,N,N,N,N,N,N,N,N,N,N,N,N,N,N,N,N,N,N,N,N,N,N
camarones,10430,,,,,,Panko,,,,,170.00,0.00,,,,,Y,170.00,,,N,N,N,N,N,N,N,N,N,N,N,N,N,N,N,N,N,N,N,N,N,N,N,N
camarones-panko,10346,Camarones panko,Alitas y Boneless,,N,,,,,,,190.00,0.00,,,,N,Y,190.00,,,N,N,N,N,N,N,N,N,N,N,N,N,N,N,N,N,N,N,N,N,N,N,N,N
camarones-panko-1,10334,Camarones panko,Charolas navideñas,<p>8pz</p>,N,,,,,,,200.00,0.00,,,,N,Y,200.00,,,N,N,N,N,N,N,N,N,N,N,N,N,N,N,N,N,N,N,N,N,N,N,N,N
cantarito-1lt,10319,Cantarito 1lt,Drinks,,N,,,,,,,120.00,0.00,,,,N,Y,120.00,,,N,N,N,N,N,N,N,N,N,N,N,N,N,N,N,N,N,N,N,N,N,N,N,N
cantarito,10047,Cantarito c/ tequila,Drinks,,N,,,,,,,60.00,0.00,,,,Y,Y,60.00,721.000,0.000,N,N,N,N,N,N,N,N,N,N,N,N,N,N,N,N,N,N,N,N,N,N,N,N
cantarito-sin-alcohol,10275,Cantarito sin alcohol,Drinks,,N,,,,,,,40.00,0.00,,,,N,Y,40.00,,,N,N,N,N,N,N,N,N,N,N,N,N,N,N,N,N,N,N,N,N,N,N,N,N
carga-cel,10559,Carga cel,,,N,,,,,,,10.00,0.00,,,,N,Y,10.00,,,N,N,N,N,N,N,N,N,N,N,N,N,N,N,N,N,N,N,N,N,N,N,N,N
caribe,10054,Caribe,Drinks,,N,,,,,,,35.00,0.00,,,,N,Y,35.00,,,N,N,N,N,N,N,N,N,N,N,N,N,N,N,N,N,N,N,N,N,N,N,N,N
caribe-preparada-1,10253,Caribe preparada,Drinks,,N,,,,,,,70.00,0.00,,,,N,Y,70.00,,,N,N,N,N,N,N,N,N,N,N,N,N,N,N,N,N,N,N,N,N,N,N,N,N
carne-apache,10281,Carne apache,Extras,,Y,,,,,,,190.00,0.00,,,,N,Y,190.00,,,N,N,N,N,N,N,N,N,N,N,N,N,N,N,N,N,N,N,N,N,N,N,N,N
carne-extra-angus-150,10217,Carne extra angus 150,HAMBURGUESAS,,N,,,,,,,40.00,0.00,,,,N,Y,40.00,,,N,N,N,N,N,N,N,N,N,N,N,N,N,N,N,N,N,N,N,N,N,N,N,N
carne-res-hamburguesa,10189,CARNE RES HAMBURGUESA,Inventario máster burger,,N,,,,,,,14.00,0.00,,,,Y,N,14.00,120.000,30.000,N,N,N,N,N,N,N,N,N,N,N,N,N,N,N,N,N,N,N,N,N,N,N,N
cebollas-asadas-6pz,10267,Cebollas asadas 6pz,Tacos,,N,,,,,,,25.00,0.00,,,,N,Y,25.00,,,N,N,N,N,N,N,N,N,N,N,N,N,N,N,N,N,N,N,N,N,N,N,N,N
cebollas-cambray-10pz,10365,Cebollas cambray 10pz,Charolas navideñas,,N,,,,,,,50.00,0.00,,,,N,Y,50.00,,,N,N,N,N,N,N,N,N,N,N,N,N,N,N,N,N,N,N,N,N,N,N,N,N
cecina-asada,10306,Cecina asada,Especiales,,N,,,,,,,120.00,0.00,,,,N,Y,120.00,,,N,N,N,N,N,N,N,N,N,N,N,N,N,N,N,N,N,N,N,N,N,N,N,N
cerrillo,10245,Cerrillo,Envios,,N,,,,,,,variable,70.00,,,,N,Y,variable,,,N,N,N,N,N,N,N,N,N,N,N,N,N,N,N,N,N,N,N,N,N,N,N,N
cerveza-chica,10411,Cerveza chica,,,N,,,,,,,35.00,0.00,,,,N,Y,35.00,,,N,N,N,N,N,N,N,N,N,N,N,N,N,N,N,N,N,N,N,N,N,N,N,N
cerveza-sol-clamato,10248,Cerveza sol clamato,Drinks,,N,,,,,,,40.00,0.00,,,,N,Y,40.00,,,N,N,N,N,N,N,N,N,N,N,N,N,N,N,N,N,N,N,N,N,N,N,N,N
ceviche,10438,Ceviche,Mariscos,,N,,,,,,,90.00,0.00,,,,N,Y,90.00,,,N,N,N,N,N,N,N,N,N,N,N,N,N,N,N,N,N,N,N,N,N,N,N,N
champiñones-empanizados,10255,Champiñones empanizados,Alitas y Boneless,,N,,,,,,,65.00,0.00,,,,N,Y,65.00,,,N,N,N,N,N,N,N,N,N,N,N,N,N,N,N,N,N,N,N,N,N,N,N,N
charola,10333,Charola,Sueltos,,N,,,,,,,5.00,0.00,,,,N,Y,5.00,,,N,N,N,N,N,N,N,N,N,N,N,N,N,N,N,N,N,N,N,N,N,N,N,N
charola-2px,10508,Charola 2px,Charolas navideñas,,N,,,,,,,500.00,0.00,,,,N,Y,500.00,,,N,N,N,N,N,N,N,N,N,N,N,N,N,N,N,N,N,N,N,N,N,N,N,N
charola-carne,10222,CHAROLA CARNE,Charolas,,N,,,,,,,1600.00,0.00,,,,N,Y,1600.00,,,N,N,N,N,N,N,N,N,N,N,N,N,N,N,N,N,N,N,N,Y,Y,Y,N,N
charola-pollo,10264,CHAROLA POLLO,Charolas,,N,,,,,,,1600.00,0.00,,,,N,Y,1600.00,,,N,N,N,N,N,N,N,N,N,N,N,N,N,N,N,N,N,N,N,Y,Y,N,Y,N
charolas-mixtas,10535,charolas mixtas,Charolas,,N,OPCIONES,CODOS,Tamaño,1/2L,,,50.00,0.00,,,,N,Y,50.00,,,N,N,N,N,N,N,N,N,N,N,N,N,N,N,N,N,N,N,N,N,N,N,N,N
charolas-mixtas,10534,,,,,,CODOS,,1L,,,90.00,0.00,,,,,Y,90.00,,,N,N,N,N,N,N,N,N,N,N,N,N,N,N,N,N,N,N,N,N,N,N,N,N
charolas-mixtas,10527,,,,,,ESPAGUETHI,,1/2L,,,40.00,0.00,,,,,Y,40.00,,,N,N,N,N,N,N,N,N,N,N,N,N,N,N,N,N,N,N,N,N,N,N,N,N
charolas-mixtas,10526,,,,,,ESPAGUETHI,,1L,,,80.00,0.00,,,,,Y,80.00,,,N,N,N,N,N,N,N,N,N,N,N,N,N,N,N,N,N,N,N,N,N,N,N,N
charolas-mixtas,10529,,,,,,MACARRONES,,1/2L,,,50.00,0.00,,,,,Y,50.00,,,N,N,N,N,N,N,N,N,N,N,N,N,N,N,N,N,N,N,N,N,N,N,N,N
charolas-mixtas,10528,,,,,,MACARRONES,,1L,,,90.00,0.00,,,,,Y,90.00,,,N,N,N,N,N,N,N,N,N,N,N,N,N,N,N,N,N,N,N,N,N,N,N,N
charolas-mixtas,10523,,,,,,MANZANA,,1/2L,,,60.00,0.00,,,,,Y,60.00,,,N,N,N,N,N,N,N,N,N,N,N,N,N,N,N,N,N,N,N,N,N,N,N,N
charolas-mixtas,10522,,,,,,MANZANA,,1L,,,120.00,0.00,,,,,Y,120.00,,,N,N,N,N,N,N,N,N,N,N,N,N,N,N,N,N,N,N,N,N,N,N,N,N
charolas-mixtas,10533,,,,,,PAPAS CONREMA,,1/2L,,,45.00,0.00,,,,,Y,45.00,,,N,N,N,N,N,N,N,N,N,N,N,N,N,N,N,N,N,N,N,N,N,N,N,N
charolas-mixtas,10532,,,,,,PAPAS CONREMA,,1L,,,80.00,0.00,,,,,Y,80.00,,,N,N,N,N,N,N,N,N,N,N,N,N,N,N,N,N,N,N,N,N,N,N,N,N
charolas-mixtas,10531,,,,,,PURE DE PAPA,,1/2L,,,50.00,0.00,,,,,Y,50.00,,,N,N,N,N,N,N,N,N,N,N,N,N,N,N,N,N,N,N,N,N,N,N,N,N
charolas-mixtas,10530,,,,,,PURE DE PAPA,,1L,,,90.00,0.00,,,,,Y,90.00,,,N,N,N,N,N,N,N,N,N,N,N,N,N,N,N,N,N,N,N,N,N,N,N,N
charolas-mixtas,10525,,,,,,ZANAHORIA,,1/2L,,,60.00,0.00,,,,,Y,60.00,,,N,N,N,N,N,N,N,N,N,N,N,N,N,N,N,N,N,N,N,N,N,N,N,N
charolas-mixtas,10524,,,,,,ZANAHORIA,,1L,,,120.00,0.00,,,,,Y,120.00,,,N,N,N,N,N,N,N,N,N,N,N,N,N,N,N,N,N,N,N,N,N,N,N,N
charolas-mixtas-2,10339,CHAROLAS MIXTAS 2,Charolas,,Y,CARNE,AHUJAS NORTEÑAS,,,,,450.00,0.00,,,,N,Y,450.00,,,N,N,N,N,N,N,N,N,N,N,N,N,N,N,N,N,N,N,N,N,N,N,N,N
charolas-mixtas-2,10480,,,,,,ALAMBRE,,,,,400.00,0.00,,,,,Y,400.00,,,N,N,N,N,N,N,N,N,N,N,N,N,N,N,N,N,N,N,N,N,N,N,N,N
charolas-mixtas-2,10215,,,,,,ARRACHERA,,,,,450.00,0.00,,,,,Y,450.00,,,N,N,N,N,N,N,N,N,N,N,N,N,N,N,N,N,N,N,N,N,N,N,N,N
charolas-mixtas-2,10274,,,,,,BISTECK,,,,,450.00,0.00,,,,,Y,450.00,,,N,N,N,N,N,N,N,N,N,N,N,N,N,N,N,N,N,N,N,N,N,N,N,N
charolas-mixtas-2,10288,,,,,,"CH,ARGENTINO",,,,,400.00,0.00,,,,,Y,400.00,,,N,N,N,N,N,N,N,N,N,N,N,N,N,N,N,N,N,N,N,N,N,N,N,N
charolas-mixtas-2,10305,,,,,,CH.VERDE,,,,,400.00,0.00,,,,,Y,400.00,,,N,N,N,N,N,N,N,N,N,N,N,N,N,N,N,N,N,N,N,N,N,N,N,N
charolas-mixtas-2,10317,,,,,,CHISTORRA,,,,,400.00,0.00,,,,,Y,400.00,,,N,N,N,N,N,N,N,N,N,N,N,N,N,N,N,N,N,N,N,N,N,N,N,N
charolas-mixtas-2,10284,,,,,,CHULETA,,,,,400.00,0.00,,,,,Y,400.00,,,N,N,N,N,N,N,N,N,N,N,N,N,N,N,N,N,N,N,N,N,N,N,N,N
charolas-mixtas-2,10287,,,,,,LONGANIZA,,,,,400.00,0.00,,,,,Y,400.00,,,N,N,N,N,N,N,N,N,N,N,N,N,N,N,N,N,N,N,N,N,N,N,N,N
charolas-mixtas-2,10419,,,,,,PASTOR,,,,,400.00,0.00,,,,,Y,400.00,,,N,N,N,N,N,N,N,N,N,N,N,N,N,N,N,N,N,N,N,N,N,N,N,N
cheescake-zarza-entero,10087,Cheescake zarza entero,Postres,,N,,,,,,,380.00,234.00,,,,N,Y,380.00,,,N,N,N,N,N,N,N,N,N,N,N,N,N,N,N,N,N,N,N,N,N,N,N,N
pastel-chocolate,10109,Cheskey chocolate chispas,Postres,,N,,,,,,,380.00,250.00,,,,Y,Y,380.00,67.000,,N,N,N,N,N,N,N,N,N,N,N,N,N,N,N,N,N,N,N,N,N,N,N,N
chicles,10162,Chicles,Dulces,,N,,,,,,,3.00,1.50,,,,N,Y,3.00,,,N,N,N,N,N,N,N,N,N,N,N,N,N,N,N,N,N,N,N,N,N,N,N,N
chilaquiles-1,10329,Chilaquiles,Almuerzos,,N,Sabor,Cecina,Tamaño,Chico,,,85.00,0.00,,,,N,Y,85.00,,,N,N,N,N,N,N,N,Y,N,N,N,N,N,N,N,N,N,N,N,N,N,N,N,N
chilaquiles-1,10326,,,,,,Cecina,,Gde,,,115.00,0.00,,,,,Y,115.00,,,,,,,,,,,,,,,,,,,,,,,,,,
chilaquiles-1,10314,,,,,,Pechuga asada,,Chico,,,85.00,0.00,,,,,Y,85.00,,,,,,,,,,,,,,,,,,,,,,,,,,
chilaquiles-1,10309,,,,,,Pechuga asada,,Gde,,,115.00,0.00,,,,,Y,115.00,,,,,,,,,,,,,,,,,,,,,,,,,,
chilaquiles-1,10340,,,,,,Pechuga empanizada,,Chico,,,85.00,0.00,,,,,Y,85.00,,,,,,,,,,,,,,,,,,,,,,,,,,
chilaquiles-1,10337,,,,,,Pechuga empanizada,,Gde,,,115.00,0.00,,,,,Y,115.00,,,,,,,,,,,,,,,,,,,,,,,,,,
chilaquiles-1,10113,,,,,,Pollo deshebrado,,Ch,,,45.00,0.00,,,,,Y,45.00,,,,,,,,,,,,,,,,,,,,,,,,,,
chilaquiles-1,10208,,,,,,Pollo deshebrado,,Gde,,,75.00,0.00,,,,,Y,75.00,,,,,,,,,,,,,,,,,,,,,,,,,,
chiles-momia,10359,Chiles momia,Charolas navideñas,,N,,,,,,,35.00,0.00,,,,N,Y,35.00,,,N,N,N,N,N,N,N,N,N,N,N,N,N,N,N,N,N,N,N,N,N,N,N,N
chimichanga-con-papas,10433,Chimichanga con papas,Alitas y Boneless,,N,,,,,,,120.00,0.00,,,,N,Y,120.00,,,N,N,N,N,N,N,N,N,N,N,N,N,N,N,N,N,N,N,N,N,N,N,N,N
chorizo,10321,Chorizo,Charolas navideñas,,Y,argentino,0,verde,0,chistorra,0,360.00,0.00,,,,N,Y,360.00,,,N,Y,N,N,N,N,N,N,N,N,N,N,N,N,N,N,N,N,N,N,N,N,N,N
churrumais,10250,Churrumais,Sabritas,,N,,,,,,,15.00,0.00,,,,N,Y,15.00,,,N,N,N,N,N,N,N,N,N,N,N,N,N,N,N,N,N,N,N,N,N,N,N,N
cigarros,10137,Cigarros,,,N,,,,,,,10.00,5.00,,,,N,Y,10.00,,,N,N,N,N,N,N,N,N,N,N,N,N,N,N,N,N,N,N,N,N,N,N,N,N
clamato-1/2-prepado,10148,Clamato 1/2 prepado,,,N,,,,,,,40.00,30.00,,,,N,Y,40.00,,,N,N,N,N,N,N,N,N,N,N,N,N,N,N,N,N,N,N,N,N,N,N,N,N
clamato-litro,10485,Clamato litro,Drinks,,N,,,,,,,80.00,0.00,,,,N,Y,80.00,,,N,N,N,N,N,N,N,N,N,N,N,N,N,N,N,N,N,N,N,N,N,N,N,N
clamato-preparado,10252,Clamato preparado,Drinks,,N,,,,,,,35.00,0.00,,,,N,Y,35.00,,,N,N,N,N,N,N,N,N,N,N,N,N,N,N,N,N,N,N,N,N,N,N,N,N
clasico,10061,Clasico,Mojitos de sabor,,N,,,,,,,70.00,0.00,,,,Y,Y,70.00,929.000,0.000,N,N,N,N,N,N,N,N,N,N,N,N,N,N,N,N,N,N,N,N,N,N,N,N
refresco-600-ml,10091,COCA,Refrescos,,N,TAMAÑO,355ML,,,,,25.00,0.00,,,,Y,N,25.00,0.000,,N,N,N,N,N,N,N,N,N,N,N,N,N,N,N,N,N,N,N,N,N,N,N,N
refresco-600-ml,10089,,,,,,600ML,,,,,35.00,0.00,,,,,Y,35.00,-467.000,10.000,N,N,N,N,N,N,N,N,N,N,N,N,N,N,N,N,N,N,N,N,N,N,N,N
refresco-600-ml,10090,,,,,,VIDRIO,,,,,35.00,0.00,,,,,Y,35.00,-827.000,20.000,N,N,N,N,N,N,N,N,N,N,N,N,N,N,N,N,N,N,N,N,N,N,N,N
coca-3lt,10230,Coca 3lt,Refrescos,,N,,,,,,,70.00,0.00,,,,N,Y,70.00,,,N,N,N,N,N,N,N,N,N,N,N,N,N,N,N,N,N,N,N,N,N,N,N,N
coca-600ml,10555,Coca 600ml,,,N,,,,,,,variable,0.00,,,,Y,N,variable,0.000,,N,N,N,N,N,N,N,N,N,N,N,N,N,N,N,N,N,N,N,N,N,N,N,N
coca-de-lata,10294,Coca de lata,Refrescos,,N,,,,,,,30.00,25.00,,,,N,N,30.00,,,N,N,N,N,N,N,N,N,N,N,N,N,N,N,N,N,N,N,N,N,N,N,N,N
cochinita,10187,Cochinita,Tacos,,N,,,,,,,30.00,0.00,,,,N,Y,30.00,,,N,N,N,N,N,N,N,N,N,N,N,N,N,N,N,N,N,N,N,N,N,N,N,N
coco,10068,Coco,Mojitos de sabor,,N,,,,,,,70.00,0.00,,,,Y,Y,70.00,1000.000,0.000,N,N,N,N,N,N,N,N,N,N,N,N,N,N,N,N,N,N,N,N,N,N,N,N
coctel-camarón,10421,Coctel mariscos,Mariscos,,N,chico,camaron,grande,camaron,,,120.00,0.00,,,,N,Y,120.00,,,N,N,N,N,N,N,N,N,N,N,N,N,N,N,N,N,N,N,N,N,N,N,N,N
coctel-camarón,10422,,,,,,camaron,,vuele a la vida,,,170.00,0.00,,,,,Y,170.00,,,N,N,N,N,N,N,N,N,N,N,N,N,N,N,N,N,N,N,N,N,N,N,N,N
combo-hamburguesa-pollo,10052,Combo hamburguesa pollo,Escuelas,,N,,,,,,,85.00,0.00,,,,N,Y,85.00,,,N,N,N,N,N,N,N,N,N,N,N,N,N,N,N,N,N,N,N,N,N,N,N,N
combo-hamburguesa-res,10046,Combo hamburguesa res,Escuelas,,N,,,,,,,70.00,0.00,,,,N,Y,70.00,,,N,N,N,N,N,N,N,N,N,N,N,N,N,N,N,N,N,N,N,N,N,N,N,N
combo-junior,10045,Combo junior,Escuelas,,N,,,,,,,50.00,0.00,,,,N,Y,50.00,,,N,N,N,N,N,N,N,N,N,N,N,N,N,N,N,N,N,N,N,N,N,N,N,N
combo-pareja,10280,Combo pareja,,,N,,,,,,,199.00,199.00,,,,N,Y,199.00,,,N,N,N,N,N,N,N,N,N,N,N,N,N,N,N,N,N,N,N,N,N,N,N,N
combo-pozole-y-tacos,10186,Combo pozole y tacos,Almuerzos,,N,,,,,,,80.00,0.00,,,,N,Y,80.00,,,N,N,N,N,N,N,N,N,N,N,N,N,N,N,N,N,N,N,N,N,N,N,N,N
comida-+-agua-1/2,10102,Comida + agua 1/2,Almuerzos,,N,,,,,,,80.00,0.00,,,,N,Y,80.00,,,N,N,N,N,N,N,N,N,N,N,N,N,N,N,N,N,N,N,N,N,N,N,N,N
comida-corrida,10206,Comida corrida,Almuerzos,,N,,,,,,,65.00,0.00,,,,N,Y,65.00,,,N,N,N,N,N,N,N,N,N,N,N,N,N,N,N,N,N,N,N,N,N,N,N,N
conchitas,10296,Conchitas,Sodas,,N,,,,,,,10.00,0.00,,,,N,Y,10.00,,,N,N,N,N,N,N,N,N,N,N,N,N,N,N,N,N,N,N,N,N,N,N,N,N
corona-extra,10192,Corona 355ml,Drinks,,N,color,clara,,,,,35.00,0.00,,,,Y,Y,35.00,-131.000,10.000,N,N,N,N,N,N,Y,N,N,N,N,N,N,N,N,N,N,N,N,N,N,N,N,N
corona-extra,10057,,,,,,obscura,,,,,35.00,0.00,,,,,Y,35.00,-269.000,10.000,,,,,,,,,,,,,,,,,,,,,,,,
coronita,10240,Coronita,Drinks,,N,,,,,,,25.00,0.00,,,,N,Y,25.00,,,N,N,N,N,N,N,N,N,N,N,N,N,N,N,N,N,N,N,N,N,N,N,N,N
costilla,10241,Costilla,,,N,,,,,,,250.00,0.00,,,,N,Y,250.00,,,N,N,N,N,N,N,N,N,N,N,N,N,N,N,N,N,N,N,N,N,N,N,N,N
costilla-bbq-kg,10507,Costilla bbq kg,Charolas navideñas,,Y,,,,,,,400.00,0.00,,,,N,Y,400.00,,,N,N,N,N,N,N,N,N,N,N,N,N,N,N,N,N,N,N,N,N,N,N,N,N
costilla-macarrones-promo,10268,Costilla macarrones promo,,,N,,,,,,,95.00,0.00,,,,N,Y,95.00,,,N,N,N,N,N,N,N,N,N,N,N,N,N,N,N,N,N,N,N,N,N,N,N,N
costillas-bbq,10363,Costillas bbq 1.5KG,Charolas navideñas,<p>1.5KG DE COSTILLA</p><p>MACARRONES Y ELOTES</p>,N,,,,,,,400.00,0.00,,,,N,Y,400.00,,,N,N,N,N,N,N,N,N,N,N,N,N,N,N,N,N,N,N,N,N,N,N,N,Y
costillas-bbq-c-papas,10105,Costillas BBQ c papas,Alitas y Boneless,,N,,,,,,,120.00,55.00,,,,N,Y,120.00,,,N,N,N,N,N,N,N,N,N,N,N,N,N,N,N,N,N,N,N,N,N,N,N,N
crepa,10201,Crepa,Postres,,N,RELLENO,CAJETA,,,,,50.00,0.00,,,,N,Y,50.00,,,N,N,N,N,N,N,N,N,N,N,N,N,N,N,N,Y,N,N,N,N,N,N,N,N
crepa,10204,,,,,,FRUTOSROJOS,,,,,50.00,0.00,,,,,Y,50.00,,,,,,,,,,,,,,,,,,,,,,,,,,
crepa,10191,,,,,,LECHERA,,,,,50.00,0.00,,,,,Y,50.00,,,,,,,,,,,,,,,,,,,,,,,,,,
crepa,10203,,,,,,MARACUYA,,,,,50.00,0.00,,,,,Y,50.00,,,,,,,,,,,,,,,,,,,,,,,,,,
crepa,10196,,,,,,NUTELLA,,,,,50.00,0.00,,,,,Y,50.00,,,,,,,,,,,,,,,,,,,,,,,,,,
crepa,10197,,,,,,PHILADELPHIA,,,,,50.00,0.00,,,,,Y,50.00,,,,,,,,,,,,,,,,,,,,,,,,,,
croissant,10115,Croissant,Almuerzos,,N,,,,,,,80.00,0.00,,,,N,Y,80.00,,,N,N,N,N,N,N,N,N,N,N,N,N,N,N,N,N,N,N,N,N,N,N,N,N
cuba-jose-cuervo,10195,Cuba Jose cuervo,Drinks,,N,,,,,,,80.00,0.00,,,,N,Y,80.00,,,N,N,N,N,N,N,N,N,N,N,N,N,N,N,N,N,N,N,N,N,N,N,N,N
daikiri,10071,Daikiri,Mojitos de sabor,,N,,,,,,,70.00,0.00,,,,Y,Y,70.00,999.000,0.000,N,N,N,N,N,N,N,N,N,N,N,N,N,N,N,N,N,N,N,N,N,N,N,N
daikiri-s/alcohol,10072,Daikiri s/alcohol,Mojitos de sabor,,N,,,,,,,40.00,0.00,,,,Y,Y,40.00,999.000,0.000,N,N,N,N,N,N,N,N,N,N,N,N,N,N,N,N,N,N,N,N,N,N,N,N
dedos-de-queso,10143,Dedos de queso,Alitas y Boneless,,N,,,,,,,105.00,55.00,,,,Y,Y,105.00,-84.000,3.000,Y,N,N,N,N,N,N,N,N,N,N,N,N,N,N,N,N,N,N,N,N,N,N,N
dedos-de-queso-10pz,10078,DEDOS DE QUESO 10PZ,Charolas navideñas,,N,,,,,,,100.00,0.00,,,,N,Y,100.00,,,N,N,N,N,N,N,N,N,N,N,N,N,N,N,N,N,N,N,N,N,N,N,N,N
dedos-de-queso-5pz,10509,Dedos de queso 5pz,Alitas y Boneless,,N,,,,,,,50.00,0.00,,,,N,Y,50.00,,,N,N,N,N,N,N,N,N,N,N,N,N,N,N,N,N,N,N,N,N,N,N,N,N
desechable,10330,Desechable,,,N,,,,,,,variable,0.00,,,,N,Y,variable,,,N,N,N,N,N,N,N,N,N,N,N,N,N,N,N,N,N,N,N,N,N,N,N,N
dominguera-haw,10588,Dominguera haw,Promos,,N,,,,,,,128.00,0.00,,,,N,Y,128.00,,,N,N,N,N,N,N,N,N,N,N,N,N,N,N,N,N,N,N,N,N,N,N,N,N
donas,10212,Donas,Postres,,N,,,,,,,25.00,0.00,,,,N,Y,25.00,,,N,N,N,N,N,N,N,N,N,N,N,N,N,N,N,N,N,N,N,N,N,N,N,N
dorado-1,10291,Dorado,Almuerzos,,N,Dorado,Enchiladas,,,,,60.00,0.00,,,,N,Y,60.00,,,N,N,N,N,N,N,N,N,N,N,N,N,N,N,N,N,N,N,N,N,N,N,N,N
dorado-1,10270,,,,,,Pambazo,,,,,40.00,0.00,,,,,Y,40.00,,,N,N,N,N,N,N,N,N,N,N,N,N,N,N,N,N,N,N,N,N,N,N,N,N
dorado-1,10272,,,,,,Taco dorado solo,,,,,12.00,0.00,,,,,Y,12.00,,,N,N,N,N,N,N,N,N,N,N,N,N,N,N,N,N,N,N,N,N,N,N,N,N
dorado-1,10271,,,,,,Tacos dorados ord,,,,,40.00,0.00,,,,,Y,40.00,,,N,N,N,N,N,N,N,N,N,N,N,N,N,N,N,N,N,N,N,N,N,N,N,N
dorado-1,10285,,,,,,Tostadas preparadas,,,,,25.00,0.00,,,,,Y,25.00,,,N,N,N,N,N,N,N,N,N,N,N,N,N,N,N,N,N,N,N,N,N,N,N,N
dorado-1,10273,,,,,,Tostadas sencillas,,,,,20.00,0.00,,,,,Y,20.00,,,N,N,N,N,N,N,N,N,N,N,N,N,N,N,N,N,N,N,N,N,N,N,N,N
dulce10,10412,Dulce10,Postres,,N,,,,,,,10.00,0.00,,,,N,Y,10.00,,,N,N,N,N,N,N,N,N,N,N,N,N,N,N,N,N,N,N,N,N,N,N,N,N
dulces,10122,Dulces,,,N,,,,,,,10.00,7.00,,,,N,Y,10.00,,,N,N,N,N,N,N,N,N,N,N,N,N,N,N,N,N,N,N,N,N,N,N,N,N
dulces-1,10123,Dulces,,,N,,,,,,,10.00,7.00,,,,N,Y,10.00,,,N,N,N,N,N,N,N,N,N,N,N,N,N,N,N,N,N,N,N,N,N,N,N,N
dulces-2,10190,Dulces,,,N,,,,,,,10.00,0.00,,,,N,Y,10.00,,,N,N,N,N,N,N,N,N,N,N,N,N,N,N,N,N,N,N,N,N,N,N,N,N
dumplings,10209,Dumplings,Sushi,,N,,,,,,,65.00,65.00,,,,N,Y,65.00,,,N,N,N,N,N,N,N,N,N,N,N,N,N,N,N,N,N,N,N,N,N,N,N,N
durazno,10471,Durazno,Envios,,N,,,,,,,25.00,0.00,,,,N,Y,25.00,,,N,N,N,N,N,N,N,N,N,N,N,N,N,N,N,N,N,N,N,N,N,N,N,N
durazno-maki,10251,Durazno maki,Sushi,,N,,,,,,,105.00,0.00,,,,N,Y,105.00,,,N,N,N,N,N,N,N,N,N,N,N,N,N,N,N,N,N,N,N,N,N,N,N,N
efectivo,10357,Efectivo,,,N,,,,,,,variable,0.00,,,,N,Y,variable,,,N,N,N,N,N,N,N,N,N,N,N,N,N,N,N,N,N,N,N,N,N,N,N,N
elotitos,10097,Elotitos,Alitas y Boneless,<p>1 elote rebanado en 8 partes acompa&ntilde;ado con papitas&nbsp;</p>,N,,,,,,,50.00,0.00,,,,N,Y,50.00,,,Y,N,N,N,N,N,N,N,N,N,N,N,N,N,N,N,N,N,N,N,N,N,N,N
enchiladas,10229,Enchiladas,Almuerzos,,N,color,rojas,,,,,60.00,0.00,,,,N,Y,60.00,,,N,N,N,N,N,N,N,Y,N,N,N,N,N,N,N,N,N,N,Y,N,N,N,N,N
enchiladas,10083,,,,,,verdes,,,,,60.00,0.00,,,,,Y,60.00,,,,,,,,,,,,,,,,,,,,,,,,,,
ensalada-proteína,10342,Ensalada proteína,Almuerzos,,N,,,,,,,70.00,0.00,,,,N,Y,70.00,,,N,N,N,N,N,N,N,N,N,N,N,N,N,N,N,N,N,N,N,N,N,N,N,N
ensalada-sola,10375,Ensalada sola,Extras,,N,,,,,,,60.00,0.00,,,,N,Y,60.00,,,N,N,N,N,N,N,N,N,N,N,N,N,N,N,N,N,N,N,N,N,N,N,N,N
envío-el-arco,10019,Envío el arco,Envios,,N,,,,,,,50.00,0.00,,,,N,Y,50.00,,,N,N,N,N,N,N,N,N,N,N,N,N,N,N,N,N,N,N,N,N,N,N,N,N
envío-gratis,10207,Envío gratis,Envios,,N,,,,,,,0.00,0.00,,,,N,Y,0.00,,,N,N,N,N,N,N,N,N,N,N,N,N,N,N,N,N,N,N,N,N,N,N,N,N
envío-lluvia,10038,Envío lluvia,Envios,,N,,,,,,,variable,0.00,,,,N,Y,variable,,,N,N,N,N,N,N,N,N,N,N,N,N,N,N,N,N,N,N,N,N,N,N,N,N
envío-local,10040,Envío local,Envios,,N,,,,,,,20.00,0.00,,,,N,Y,20.00,,,N,N,N,N,N,N,N,N,N,N,N,N,N,N,N,N,N,N,N,N,N,N,N,N
"envío-rincon,-sifón,",10065,"Envío rincon, sifón,",Envios,,N,,,,,,,25.00,0.00,,,,N,Y,25.00,,,N,N,N,N,N,N,N,N,N,N,N,N,N,N,N,N,N,N,N,N,N,N,N,N
envío-san-juan,10041,Envío san juan o san Nicolas,Envios,,N,,,,,,,45.00,0.00,,,,Y,Y,45.00,414.000,0.000,N,N,N,N,N,N,N,N,N,N,N,N,N,N,N,N,N,N,N,N,N,N,N,N
ahujas-norteñas,10084,Especial Ahujas norteñas,Especiales,,N,,,,,,,140.00,0.00,,,,N,Y,140.00,,,N,Y,N,N,N,N,N,N,N,N,N,N,N,N,N,N,N,N,N,N,N,N,N,N
"especial-bisteck,-campechano",10039,"Especial bisteck, campechano",Especiales,,N,,,,,,,120.00,0.00,,,,N,Y,120.00,,,N,N,N,N,N,N,N,N,N,N,N,N,N,N,N,N,N,N,N,N,N,N,N,N
especial-o-negra-modelo,10060,Especial o negra modelo,Drinks,,N,,,,,,,35.00,0.00,,,,N,Y,35.00,,,N,N,N,N,N,N,N,N,N,N,N,N,N,N,N,N,N,N,N,N,N,N,N,N
extra-almuerzo,10094,Extra almuerzo,Almuerzos,,N,,,,,,,40.00,0.00,,,,N,Y,40.00,,,N,N,N,N,N,N,N,N,N,N,N,N,N,N,N,N,N,N,N,N,N,N,N,N
extra-arrachera-para-hamburguesa,10256,Extra Arrachera para hamburguesa,HAMBURGUESAS,,N,,,,,,,65.00,0.00,,,,N,Y,65.00,,,N,N,N,N,N,N,N,N,N,N,N,N,N,N,N,N,N,N,N,N,N,N,N,N
extra-papas,10169,Extra papas,Alitas y Boneless,,N,,,,,,,30.00,0.00,,,,N,Y,30.00,,,N,N,N,N,N,N,N,N,N,N,N,N,N,N,N,N,N,N,N,N,N,N,N,N
extra-queso-gratinado,10362,Extra queso gratinado,Extras,,N,,,,,,,10.00,0.00,,,,N,Y,10.00,,,N,N,N,N,N,N,N,N,N,N,N,N,N,N,N,N,N,N,N,N,N,N,N,N
extra-shot-bebidas,10573,Extra shot bebidas,Bebidas,,N,,,,,,,20.00,0.00,,,,N,Y,20.00,,,N,N,N,N,N,N,N,N,N,N,N,N,N,N,N,N,N,N,N,N,N,N,N,N
filete-de-pescado,10425,Filete de pescado,Mariscos,,N,FILETE,A la plancha,,,,,120.00,0.00,,,,N,Y,120.00,,,N,N,N,N,N,N,N,N,N,N,N,N,N,N,N,N,N,N,N,N,N,N,N,N
filete-de-pescado,10338,,,,,,Empanizado,,,,,120.00,0.00,,,,,Y,120.00,,,N,N,N,N,N,N,N,N,N,N,N,N,N,N,N,N,N,N,N,N,N,N,N,N
filete-de-pescado,10424,,,,,,a la diabla,,,,,120.00,0.00,,,,,Y,120.00,,,N,N,N,N,N,N,N,N,N,N,N,N,N,N,N,N,N,N,N,N,N,N,N,N
filete-de-pescado,10423,,,,,,al mojo de ajo,,,,,120.00,0.00,,,,,Y,120.00,,,N,N,N,N,N,N,N,N,N,N,N,N,N,N,N,N,N,N,N,N,N,N,N,N
filete-de-pescado,10426,,,,,,empapelado,,,,,120.00,0.00,,,,,Y,120.00,,,N,N,N,N,N,N,N,N,N,N,N,N,N,N,N,N,N,N,N,N,N,N,N,N
filete-dorado,10440,Filete dorado,Mariscos,,N,,,,,,,100.00,0.00,,,,N,Y,100.00,,,N,N,N,N,N,N,N,N,N,N,N,N,N,N,N,N,N,N,N,N,N,N,N,N
filete-empanizado,10331,Filete empanizado,Alitas y Boneless,,N,,,,,,,120.00,0.00,,,,N,Y,120.00,,,N,N,N,N,N,N,N,N,N,N,N,N,N,N,N,N,N,N,N,N,N,N,N,N
filetes-panko,10416,Filetes panko,Alitas y Boneless,,N,,,,,,,100.00,0.00,,,,N,Y,100.00,,,N,N,N,N,N,N,N,N,N,N,N,N,N,N,N,N,N,N,N,N,N,N,N,N
flauta,10233,Flauta,Almuerzos,,N,sabor,mole verde,,,,,35.00,0.00,,,,N,Y,35.00,,,N,N,N,N,N,N,N,N,N,N,N,N,N,N,N,N,N,N,N,N,N,N,N,N
flauta,10224,,,,,,pollo,,,,,35.00,0.00,,,,,Y,35.00,,,N,N,N,N,N,N,N,N,N,N,N,N,N,N,N,N,N,N,N,N,N,N,N,N
foot,10098,Foot,Dulces,,N,,,,,,,10.00,7.00,,,,Y,Y,10.00,16.000,0.000,N,N,N,N,N,N,N,N,N,N,N,N,N,N,N,N,N,N,N,N,N,N,N,N
foráneo,10243,Foráneo,Envios,,N,,,,,,,variable,0.00,,,,N,Y,variable,,,N,N,N,N,N,N,N,N,N,N,N,N,N,N,N,N,N,N,N,N,N,N,N,N
frappé-copa-g,10249,Frappé copa g,Bebidas,,N,,,,,,,65.00,0.00,,,,N,Y,65.00,,,N,N,N,N,N,N,N,N,N,N,N,N,N,N,N,N,N,N,N,N,N,N,N,N
"frappes(taro,-matcha,frutos-rojos)",10088,Frappes,Sodas,,N,mediano,capcaramel,,,,,50.00,0.00,,,,N,Y,60.00,,,N,N,N,N,N,N,N,N,N,N,N,N,N,N,N,N,N,N,N,N,N,N,N,N
"frappes(taro,-matcha,frutos-rojos)",10161,,,,,,capuchino,,,,,50.00,0.00,,,,,Y,60.00,,,N,N,N,N,N,N,N,N,N,N,N,N,N,N,N,N,N,N,N,N,N,N,N,N
"frappes(taro,-matcha,frutos-rojos)",10086,,,,,,capvainilla,,,,,50.00,0.00,,,,,Y,60.00,,,N,N,N,N,N,N,N,N,N,N,N,N,N,N,N,N,N,N,N,N,N,N,N,N
"frappes(taro,-matcha,frutos-rojos)",10132,,,,,,ferrero,,,,,60.00,70.00,,,,,Y,60.00,,,N,N,N,N,N,N,N,N,N,N,N,N,N,N,N,N,N,N,N,N,N,N,N,N
"frappes(taro,-matcha,frutos-rojos)",10082,,,,,,frutosrojos,,,,,50.00,0.00,,,,,Y,60.00,,,N,N,N,N,N,N,N,N,N,N,N,N,N,N,N,N,N,N,N,N,N,N,N,N
"frappes(taro,-matcha,frutos-rojos)",10080,,,,,,mazapan,,,,,50.00,0.00,,,,,Y,60.00,,,N,N,N,N,N,N,N,N,N,N,N,N,N,N,N,N,N,N,N,N,N,N,N,N
"frappes(taro,-matcha,frutos-rojos)",10085,,,,,,moka,,,,,50.00,0.00,,,,,Y,60.00,,,N,N,N,N,N,N,N,N,N,N,N,N,N,N,N,N,N,N,N,N,N,N,N,N
"frappes(taro,-matcha,frutos-rojos)",10055,,,,,,nutella,,,,,60.00,0.00,,,,,Y,60.00,,,N,N,N,N,N,N,N,N,N,N,N,N,N,N,N,N,N,N,N,N,N,N,N,N
"frappes(taro,-matcha,frutos-rojos)",10020,,,,,,oreo,,,,,50.00,0.00,,,,,Y,60.00,,,N,N,N,N,N,N,N,N,N,N,N,N,N,N,N,N,N,N,N,N,N,N,N,N
free-life,10420,Free life,Refrescos,,N,,,,,,,35.00,0.00,,,,N,N,35.00,,,N,N,N,N,N,N,N,N,N,N,N,N,N,N,N,N,N,N,N,N,N,N,N,N
fresa,10067,Fresa,Mojitos de sabor,,N,,,,,,,70.00,0.00,,,,Y,Y,70.00,995.000,0.000,N,N,N,N,N,N,N,N,N,N,N,N,N,N,N,N,N,N,N,N,N,N,N,N
frijoles-plato,10510,Frijoles plato,Almuerzos,,N,,,,,,,35.00,0.00,,,,N,Y,35.00,,,N,N,N,N,N,N,N,N,N,N,N,N,N,N,N,N,N,N,N,N,N,N,N,N
frutos-rojos,10064,Frutos rojos,Mojitos de sabor,,N,,,,,,,70.00,0.00,,,,Y,Y,70.00,693.000,0.000,N,N,N,N,N,N,N,N,N,N,N,N,N,N,N,N,N,N,N,N,N,N,N,N
galletas-costco,10511,Galletas costco,Postres,,N,,,,,,,220.00,0.00,,,,N,Y,220.00,,,N,N,N,N,N,N,N,N,N,N,N,N,N,N,N,N,N,N,N,N,N,N,N,N
galletas-oreo,10174,Galletas oreo,Dulces,,N,,,,,,,25.00,0.00,,,,N,Y,25.00,,,N,N,N,N,N,N,N,N,N,N,N,N,N,N,N,N,N,N,N,N,N,N,N,N
garci-crespo,10324,Garci crespo,Refrescos,,N,,,,,,,25.00,0.00,,,,Y,N,25.00,29.000,0.000,N,N,N,N,N,N,N,N,N,N,N,N,N,N,N,N,N,N,N,N,N,N,N,N
gorditas,10371,Gorditas,Almuerzos,,N,Sabor,Albondigas,,,,,30.00,0.00,,,,N,Y,30.00,,,N,N,N,N,N,N,N,N,N,N,N,N,N,N,N,N,N,N,N,N,N,N,N,N
gorditas,10373,,,,,,Champiñones,,,,,30.00,0.00,,,,,Y,30.00,,,N,N,N,N,N,N,N,N,N,N,N,N,N,N,N,N,N,N,N,N,N,N,N,N
gorditas,10355,,,,,,Chicharron,,,,,30.00,0.00,,,,,Y,30.00,,,N,N,N,N,N,N,N,N,N,N,N,N,N,N,N,N,N,N,N,N,N,N,N,N
gorditas,10352,,,,,,Combinada,,,,,30.00,0.00,,,,,Y,30.00,,,N,N,N,N,N,N,N,N,N,N,N,N,N,N,N,N,N,N,N,N,N,N,N,N
gorditas,10353,,,,,,Deshebrada,,,,,30.00,0.00,,,,,Y,30.00,,,N,N,N,N,N,N,N,N,N,N,N,N,N,N,N,N,N,N,N,N,N,N,N,N
gorditas,10354,,,,,,Molida,,,,,30.00,0.00,,,,,Y,30.00,,,N,N,N,N,N,N,N,N,N,N,N,N,N,N,N,N,N,N,N,N,N,N,N,N
gorditas,10349,,,,,,Pollo,,,,,30.00,0.00,,,,,Y,30.00,,,N,N,N,N,N,N,N,N,N,N,N,N,N,N,N,N,N,N,N,N,N,N,N,N
gorditas,10356,,,,,,Prensado,,,,,30.00,0.00,,,,,Y,30.00,,,N,N,N,N,N,N,N,N,N,N,N,N,N,N,N,N,N,N,N,N,N,N,N,N
gorditas,10358,,,,,,Queso,,,,,30.00,0.00,,,,,Y,30.00,,,N,N,N,N,N,N,N,N,N,N,N,N,N,N,N,N,N,N,N,N,N,N,N,N
gorditas,10351,,,,,,Rajas,,,,,30.00,0.00,,,,,Y,30.00,,,N,N,N,N,N,N,N,N,N,N,N,N,N,N,N,N,N,N,N,N,N,N,N,N
gringa-alambre,10461,Gringas,Burritos y Gringas,,N,sabor,Alambre,,,,,115.00,0.00,,,,N,Y,115.00,,,Y,N,N,N,N,N,N,N,N,N,N,N,N,N,N,N,N,N,N,N,N,N,N,N
gringa-alambre,10303,,,,,,Arrachera,,,,,125.00,0.00,,,,,Y,125.00,,,,,,,,,,,,,,,,,,,,,,,,,,
gringa-alambre,10235,,,,,,Bisteck,,,,,125.00,0.00,,,,,Y,125.00,,,,,,,,,,,,,,,,,,,,,,,,,,
gringa-alambre,10501,,,,,,Campechana,,,,,115.00,0.00,,,,,Y,115.00,,,,,,,,,,,,,,,,,,,,,,,,,,
gringa-alambre,10227,,,,,,Chuleta,,,,,115.00,0.00,,,,,Y,115.00,,,,,,,,,,,,,,,,,,,,,,,,,,
gringa-alambre,10504,,,,,,Frijoles con chorizo,,,,,85.00,0.00,,,,,Y,85.00,,,,,,,,,,,,,,,,,,,,,,,,,,
gringa-alambre,10154,,,,,,Pastor,,,,,120.00,0.00,,,,,Y,120.00,,,,,,,,,,,,,,,,,,,,,,,,,,
gringa-alambre,10503,,,,,,Suadero,,,,,125.00,0.00,,,,,Y,125.00,,,,,,,,,,,,,,,,,,,,,,,,,,
gringa-alambre,10502,,,,,,Tripa,,,,,145.00,0.00,,,,,Y,145.00,,,,,,,,,,,,,,,,,,,,,,,,,,
h.res-+-p-(estudiantes),10444,H.res + p (estudiantes),Promos,,N,,,,,,,75.00,0.00,,,,N,Y,75.00,,,N,N,N,N,N,N,N,N,N,N,N,N,N,N,N,N,N,N,N,N,N,N,N,N
halls-monch,10198,Halls monch,Dulces,,N,,,,,,,10.00,0.00,,,,N,Y,10.00,,,N,N,N,N,N,N,N,N,N,N,N,N,N,N,N,N,N,N,N,N,N,N,N,N
hamburguesa-de-pastor,10370,Hamburguesa de pastor,HAMBURGUESAS,,N,,,,,,,75.00,0.00,,,,N,Y,75.00,,,N,N,N,N,N,Y,N,N,N,N,N,N,N,N,N,N,N,N,N,N,N,N,N,N
hamburguesero,10335,Hamburguesero,Sueltos,,N,,,,,,,variable,0.00,,,,N,Y,variable,,,N,N,N,N,N,N,N,N,N,N,N,N,N,N,N,N,N,N,N,N,N,N,N,N
heineken-0.0,10560,Heineken 0.0,,,N,,,,,,,variable,0.00,,,,N,Y,variable,,,N,N,N,N,N,N,N,N,N,N,N,N,N,N,N,N,N,N,N,N,N,N,N,N
heineken-1lt,10210,Heineken 1lt,Drinks,,N,,,,,,,65.00,0.00,,,,Y,Y,65.00,33.000,,N,N,N,N,N,N,Y,N,N,N,N,N,N,N,N,N,N,N,N,N,N,N,N,N
heineken-355ml,10211,Heineken 355ml,Drinks,,N,,,,,,,35.00,0.00,,,,N,Y,35.00,,,N,N,Y,N,N,N,N,N,N,N,N,N,N,N,N,N,N,N,N,N,N,N,N,N
helado-3bolas,10125,Helado 3bolas,Postres,,N,,,,,,,45.00,0.00,,,,N,Y,45.00,,,N,N,N,N,N,N,N,N,N,N,N,N,N,N,N,N,N,N,N,N,N,N,N,N
"helado-granel-chocolate,-fresa,-vainilla",10077,"Helado granel chocolate, fresa, vainilla",,,N,,,,,,,40.00,0.00,,,,Y,Y,40.00,1000.000,0.000,N,N,N,N,N,N,N,N,N,N,N,N,N,N,N,N,N,N,N,N,N,N,N,N
hot-cakes-3*,10200,Hot cakes 3*,Postres,,N,,,,,,,65.00,0.00,,,,N,Y,65.00,,,N,N,N,N,N,N,N,N,N,N,N,N,N,N,N,N,N,N,N,N,N,N,N,N
hot-dog-chico,10205,Hot dog chico,HAMBURGUESAS,,N,,,,,,,25.00,0.00,,,,N,Y,25.00,,,Y,N,N,N,N,N,N,N,N,N,N,N,N,N,N,N,N,N,N,N,N,N,N,N
hot-dog-estilo-sinaloa,10283,Hot dog estilo sinaloa,HAMBURGUESAS,,N,,,,,,,80.00,80.00,,,,N,Y,80.00,,,N,N,N,N,N,N,N,N,N,N,N,N,N,N,N,N,N,N,N,N,N,N,N,N
hot-dog-jumbo,10002,Hot dog jumbo,HAMBURGUESAS,,N,,,,,,,40.00,20.00,,,,N,Y,40.00,,,Y,N,N,N,N,N,N,N,N,N,N,N,N,N,N,N,N,N,N,N,N,N,N,N
huevo,10026,Huevo,Come todo,"<p><font dir=""auto"" style=""vertical-align: inherit;""><font dir=""auto"" style=""vertical-align: inherit;"">Huevo</font></font></p>",N,,,,,,,10.00,0.00,,,,N,N,10.00,,,N,N,N,N,N,N,N,N,N,N,N,N,N,N,N,N,N,N,N,N,N,N,N,N
huevo-extra,10260,Huevo extra,Almuerzos,,N,,,,,,,10.00,0.00,,,,N,Y,10.00,,,N,N,N,N,N,N,N,N,N,N,N,N,N,N,N,N,N,N,N,N,N,N,N,N
huevos-al-gusto,10118,Huevos al gusto,Almuerzos,,N,preparacion,a la mexicana,,,,,65.00,0.00,,,,N,Y,65.00,,,N,N,N,N,N,N,N,N,N,N,N,N,N,N,N,N,N,N,N,N,N,N,N,N
huevos-al-gusto,10129,,,,,,con jamon,,,,,65.00,0.00,,,,,Y,65.00,,,N,N,N,N,N,N,N,N,N,N,N,N,N,N,N,N,N,N,N,N,N,N,N,N
huevos-al-gusto,10145,,,,,,estrellados,,,,,65.00,0.00,,,,,Y,65.00,,,N,N,N,N,N,N,N,N,N,N,N,N,N,N,N,N,N,N,N,N,N,N,N,N
inflable-70cm,10570,Inflable 70cm,,,N,,,,,,,75.00,0.00,,,,N,Y,75.00,,,N,N,N,N,N,N,N,N,N,N,N,N,N,N,N,N,N,N,N,N,N,N,N,N
inflable-80cm,10571,Inflable 80cm,,,N,,,,,,,85.00,0.00,,,,N,Y,85.00,,,N,N,N,N,N,N,N,N,N,N,N,N,N,N,N,N,N,N,N,N,N,N,N,N
jony-walker,10550,Jony walker,Drinks,,N,,,,,,,90.00,0.00,,,,Y,Y,90.00,-3.000,,N,N,N,N,N,N,N,N,N,N,N,N,N,N,N,N,N,N,N,N,N,N,N,N
jueves-burritos,10448,Jueves burritos,Promos,,N,,,,,,,110.00,0.00,,,,N,Y,110.00,,,N,N,N,N,N,N,N,N,N,N,N,N,N,N,N,N,N,N,N,N,N,N,N,N
jugos,10493,jugos,Bebidas,,N,sabor,berrie smothie,tamaño,litro,,,110.00,0.00,,,,N,Y,110.00,,,N,N,N,N,N,N,N,N,N,N,N,N,N,N,N,N,N,N,N,N,N,N,N,N
jugos,10494,,,,,,berrie smothie,,medio,,,65.00,0.00,,,,,Y,65.00,,,N,N,N,N,N,N,N,N,N,N,N,N,N,N,N,N,N,N,N,N,N,N,N,N
jugos,10495,,,,,,detox,,litro,,,80.00,0.00,,,,,Y,80.00,,,N,N,N,N,N,N,N,N,N,N,N,N,N,N,N,N,N,N,N,N,N,N,N,N
jugos,10496,,,,,,detox,,medio,,,45.00,0.00,,,,,Y,45.00,,,N,N,N,N,N,N,N,N,N,N,N,N,N,N,N,N,N,N,N,N,N,N,N,N
jugos,10491,,,,,,energia,,litro,,,100.00,0.00,,,,,Y,100.00,,,N,N,N,N,N,N,N,N,N,N,N,N,N,N,N,N,N,N,N,N,N,N,N,N
jugos,10492,,,,,,energia,,medio,,,55.00,0.00,,,,,Y,55.00,,,N,N,N,N,N,N,N,N,N,N,N,N,N,N,N,N,N,N,N,N,N,N,N,N
jugos,10489,,,,,,naranja,,litro,,,80.00,0.00,,,,,Y,80.00,,,N,N,N,N,N,N,N,N,N,N,N,N,N,N,N,N,N,N,N,N,N,N,N,N
jugos,10490,,,,,,naranja,,medio,,,45.00,0.00,,,,,Y,45.00,,,N,N,N,N,N,N,N,N,N,N,N,N,N,N,N,N,N,N,N,N,N,N,N,N
kg-ahujas-norteñas,10361,Kg Ahujas norteñas,Charolas navideñas,,Y,,,,,,,400.00,0.00,,,,N,Y,400.00,,,N,N,N,N,N,N,N,N,N,N,N,N,N,N,N,N,N,N,N,N,N,N,N,N
kg-arrachera,10360,Kg Arrachera,Charolas navideñas,,Y,,,,,,,400.00,0.00,,,,N,Y,400.00,,,N,N,N,N,N,N,N,N,N,N,N,N,N,N,N,N,N,N,N,N,N,N,N,N
kg-bisteck-res,10325,kg Bisteck res,Charolas navideñas,,Y,,,,,,,400.00,0.00,,,,N,Y,400.00,,,N,Y,N,N,N,N,N,N,N,N,N,N,N,N,N,N,N,N,N,N,N,N,N,N
kg-chuleta,10328,Kg Chuleta,Charolas navideñas,,Y,,,,,,,360.00,0.00,,,,N,Y,360.00,,,N,Y,N,N,N,N,N,N,N,N,N,N,N,N,N,N,N,N,N,N,N,N,N,N
kg-longaniza,10350,Kg Longaniza,Charolas navideñas,,Y,,,,,,,360.00,0.00,,,,N,Y,360.00,,,N,Y,N,N,N,N,N,N,N,N,N,N,N,N,N,N,N,N,N,N,N,N,N,N
kg-papa-corte-recto,10347,Kg papa corte recto,Charolas navideñas,,Y,,,,,,,150.00,0.00,,,,N,Y,150.00,,,N,N,N,N,N,N,N,N,N,N,N,N,N,N,N,N,N,N,N,N,N,N,N,N
kg-papas-gajo,10343,Kg Papas Gajo,Charolas navideñas,,Y,,,,,,,180.00,0.00,,,,N,Y,180.00,,,N,N,N,N,N,N,N,N,N,N,N,N,N,N,N,N,N,N,N,N,N,N,N,N
kg-ribye,10364,Kg ribye,Charolas navideñas,,Y,,,,,,,500.00,0.00,,,,N,Y,500.00,,,N,N,N,N,N,N,N,N,N,N,N,N,N,N,N,N,N,N,N,N,N,N,N,N
kilos-papas,10301,Kilos papas,Alitas y Boneless,,Y,,,,,,,140.00,0.00,,,,N,Y,140.00,,,N,N,N,N,N,N,N,N,N,N,N,N,N,N,N,N,N,N,N,N,N,N,N,N
kiwi,10063,Kiwi,Mojitos de sabor,,N,,,,,,,70.00,0.00,,,,Y,Y,70.00,998.000,0.000,N,N,N,N,N,N,N,N,N,N,N,N,N,N,N,N,N,N,N,N,N,N,N,N
las-angus,10005,LAS ANGUS,HAMBURGUESAS,,N,TAMAÑO,ANGUS 150GR,,,,,105.00,0.00,,,,N,Y,105.00,,,N,N,N,N,N,Y,N,N,N,N,N,N,N,N,N,N,N,N,N,N,N,N,N,N
las-angus,10006,,,,,,ANGUS 250GR,,,,,135.00,0.00,,,,,Y,135.00,,,,,,,,,,,,,,,,,,,,,,,,,,
limonada-o-naranjada-1lt,10236,Limonada o naranjada,Bebidas,,N,sabore,limonada,tamaño,litro,,,80.00,0.00,,,,N,Y,80.00,,,N,N,N,N,N,N,N,N,N,N,N,N,N,N,N,N,N,N,N,N,N,N,N,N
limonada-o-naranjada-1lt,10242,,,,,,limonada,,medio,,,45.00,0.00,,,,,Y,45.00,,,N,N,N,N,N,N,N,N,N,N,N,N,N,N,N,N,N,N,N,N,N,N,N,N
limonada-o-naranjada-1lt,10216,,,,,,naranjada,,litro,,,80.00,0.00,,,,,Y,80.00,,,N,N,N,N,N,N,N,N,N,N,N,N,N,N,N,N,N,N,N,N,N,N,N,N
limonada-o-naranjada-1lt,10231,,,,,,naranjada,,medio,,,45.00,0.00,,,,,Y,45.00,,,N,N,N,N,N,N,N,N,N,N,N,N,N,N,N,N,N,N,N,N,N,N,N,N
promo-lunes-2kfc-*100,10445,lunes 2kfc *110,Promos,,N,,,,,,,110.00,0.00,,,,N,Y,110.00,,,N,N,N,N,N,N,N,N,N,N,N,N,N,N,N,N,N,N,N,N,N,N,N,N
m&ms,10164,M&ms,Dulces,,N,,,,,,,5.00,2.50,,,,N,Y,5.00,,,N,N,N,N,N,N,N,N,N,N,N,N,N,N,N,N,N,N,N,N,N,N,N,N
macarrones,10336,Macarrones,Charolas navideñas,,Y,,,,,,,100.00,0.00,,,,N,Y,100.00,,,N,N,N,N,N,N,N,N,N,N,N,N,N,N,N,N,N,N,N,N,N,N,N,N
malteada-de-matcha,10021,Malteada de Matcha,,,N,,,,,,,variable,0.00,,,,Y,Y,variable,998.000,0.000,N,N,N,N,N,N,N,N,N,N,N,N,N,N,N,N,N,N,N,N,N,N,N,N
"malteadas-(-chocolate,vainilla,-fresa)",10044,"Malteadas ( chocolate,vainilla, fresa)",Sodas,,N,,,,,,,40.00,0.00,,,,N,Y,40.00,,,N,N,N,N,N,N,N,N,N,N,N,N,N,N,N,N,N,N,N,N,N,N,N,N
mango,10062,Mango,Mojitos de sabor,,N,,,,,,,variable,0.00,,,,Y,Y,variable,994.000,0.000,N,N,N,N,N,N,N,N,N,N,N,N,N,N,N,N,N,N,N,N,N,N,N,N
martes-2*100-res,10446,Martes 2*110 res,Promos,,N,,,,,,,110.00,0.00,,,,N,Y,110.00,,,Y,N,N,N,N,N,N,N,N,N,N,N,N,N,N,N,N,Y,N,N,N,N,N,N
maruchan,10407,Maruchan,,,N,,,,,,,40.00,0.00,,,,N,Y,40.00,,,N,N,N,N,N,N,N,N,N,N,N,N,N,N,N,N,N,N,N,N,N,N,N,N
maruchan-1,10558,Maruchan,,,N,,,,,,,40.00,0.00,,,,N,Y,40.00,,,N,N,N,N,N,N,N,N,N,N,N,N,N,N,N,N,N,N,N,N,N,N,N,N
master-burger-bbq,10127,Master burger bbq,HAMBURGUESAS,<p>2 carnes&nbsp;</p><p>doble queso</p><p>bbq specy</p><p>4 aros de cebolla</p><p>Papas gajo</p>,N,,,,,,,185.00,0.00,,,,N,Y,185.00,,,N,N,N,N,N,N,N,N,N,N,N,N,N,N,N,N,N,N,N,N,N,N,N,N
media-de-frencesas,10332,Media de frencesas,,,N,,,,,,,35.00,0.00,,,,N,Y,35.00,,,N,N,N,N,N,N,N,N,N,N,N,N,N,N,N,N,N,N,N,N,N,N,N,N
mega,10219,Mega,Drinks,,N,,,,,,,60.00,0.00,,,,N,Y,60.00,,,N,N,N,N,N,N,N,N,N,N,N,N,N,N,N,N,N,N,N,N,N,N,N,N
mega-caguama,10220,Mega caguama,Drinks,,N,,,,,,,90.00,0.00,,,,N,Y,90.00,,,N,N,N,N,N,N,N,N,N,N,N,N,N,N,N,N,N,N,N,N,N,N,N,N
mega-lata-miller,10193,Mega lata miller,Drinks,,N,,,,,,,45.00,0.00,,,,N,Y,45.00,,,N,N,N,N,N,N,N,N,N,N,N,N,N,N,N,N,N,N,N,N,N,N,N,N
mich-heineken-gde,10213,Mich Heineken gde,Drinks,,N,,,,,,,90.00,0.00,,,,N,Y,90.00,,,N,N,N,N,N,N,N,N,N,N,N,N,N,N,N,N,N,N,N,N,N,N,N,N
miche,10552,Miche,,,N,Tamaño,Caguama,,,,,variable,0.00,,,,N,Y,variable,,,N,N,N,N,N,N,N,N,N,N,N,N,N,N,N,N,N,N,N,N,N,N,N,N
miche,10553,,,,,,Chica,,,,,variable,0.00,,,,,Y,variable,,,N,N,N,N,N,N,N,N,N,N,N,N,N,N,N,N,N,N,N,N,N,N,N,N
miche-master,10427,Miche Master,Mariscos,,N,,,,,,,180.00,0.00,,,,N,Y,180.00,,,N,N,N,N,N,N,N,N,N,N,N,N,N,N,N,N,N,N,N,N,N,N,N,N
micheladas-caguama,10058,Micheladas caguama,Drinks,,N,,,,,,,100.00,55.00,,,,Y,Y,100.00,-6.000,0.000,N,N,N,N,N,N,N,N,N,N,N,N,N,N,N,N,N,N,N,N,N,N,N,N
micheladas-chicas,10409,Micheladas chicas,Miches,,N,,,,,,,55.00,0.00,,,,N,Y,55.00,,,N,N,N,N,N,N,N,N,N,N,N,N,N,N,N,N,N,N,N,N,N,N,N,N
micheladas-grande,10408,Micheladas grande,Miches,,N,,,,,,,100.00,0.00,,,,N,Y,100.00,,,N,N,N,N,N,N,N,N,N,N,N,N,N,N,N,N,N,N,N,N,N,N,N,N
micheladas-modelo,10059,Micheladas modelo,Drinks,,N,,,,,,,55.00,0.00,,,,Y,Y,55.00,-50.000,0.000,N,N,N,N,N,N,N,N,N,N,N,N,N,N,N,N,N,N,N,N,N,N,N,N
miércoles-alitas-/bon-3*2,10447,Miércoles alitas /bon 3*2,Promos,,N,,,,,,,220.00,0.00,,,,N,Y,220.00,,,N,N,N,N,N,N,N,N,N,N,N,N,N,N,N,N,N,N,N,N,N,N,N,N
milk-tea,10384,Milk Tea,alexa bubble,,N,Tamaño,CH,Sabores,COCO,,,60.00,0.00,,,,N,Y,60.00,,,N,N,N,N,N,N,N,N,N,N,N,Y,N,N,N,N,N,N,N,N,N,N,N,N
milk-tea,10386,,,,,,CH,,COCO TOSTADO,,,60.00,0.00,,,,,Y,60.00,,,,,,,,,,,,,,,,,,,,,,,,,,
milk-tea,10385,,,,,,CH,,FRESAS CON CREMA,,,60.00,0.00,,,,,Y,60.00,,,,,,,,,,,,,,,,,,,,,,,,,,
milk-tea,10382,,,,,,CH,,LAVANDA,,,60.00,0.00,,,,,Y,60.00,,,,,,,,,,,,,,,,,,,,,,,,,,
milk-tea,10380,,,,,,CH,,MATCHA,,,60.00,0.00,,,,,Y,60.00,,,,,,,,,,,,,,,,,,,,,,,,,,
milk-tea,10383,,,,,,CH,,NUEZ DE MACADAMIA,,,60.00,0.00,,,,,Y,60.00,,,,,,,,,,,,,,,,,,,,,,,,,,
milk-tea,10381,,,,,,CH,,TARO,,,60.00,0.00,,,,,Y,60.00,,,,,,,,,,,,,,,,,,,,,,,,,,
milk-tea,10398,,,,,,GDE,,COCO,,,80.00,0.00,,,,,Y,80.00,,,,,,,,,,,,,,,,,,,,,,,,,,
milk-tea,10400,,,,,,GDE,,COCO TOSTADO,,,80.00,0.00,,,,,Y,80.00,,,,,,,,,,,,,,,,,,,,,,,,,,
milk-tea,10399,,,,,,GDE,,FRESAS CON CREMA,,,80.00,0.00,,,,,Y,80.00,,,,,,,,,,,,,,,,,,,,,,,,,,
milk-tea,10396,,,,,,GDE,,LAVANDA,,,80.00,0.00,,,,,Y,80.00,,,,,,,,,,,,,,,,,,,,,,,,,,
milk-tea,10394,,,,,,GDE,,MATCHA,,,80.00,0.00,,,,,Y,80.00,,,,,,,,,,,,,,,,,,,,,,,,,,
milk-tea,10397,,,,,,GDE,,NUEZ DE MACADAMIA,,,80.00,0.00,,,,,Y,80.00,,,,,,,,,,,,,,,,,,,,,,,,,,
milk-tea,10395,,,,,,GDE,,TARO,,,80.00,0.00,,,,,Y,80.00,,,,,,,,,,,,,,,,,,,,,,,,,,
milk-tea,10391,,,,,,MED,,COCO,,,70.00,0.00,,,,,Y,70.00,,,,,,,,,,,,,,,,,,,,,,,,,,
milk-tea,10393,,,,,,MED,,COCO TOSTADO,,,70.00,0.00,,,,,Y,70.00,,,,,,,,,,,,,,,,,,,,,,,,,,
milk-tea,10392,,,,,,MED,,FRESAS CON CREMA,,,70.00,0.00,,,,,Y,70.00,,,,,,,,,,,,,,,,,,,,,,,,,,
milk-tea,10389,,,,,,MED,,LAVANDA,,,70.00,0.00,,,,,Y,70.00,,,,,,,,,,,,,,,,,,,,,,,,,,
milk-tea,10387,,,,,,MED,,MATCHA,,,70.00,0.00,,,,,Y,70.00,,,,,,,,,,,,,,,,,,,,,,,,,,
milk-tea,10390,,,,,,MED,,NUEZ DE MACADAMIA,,,70.00,0.00,,,,,Y,70.00,,,,,,,,,,,,,,,,,,,,,,,,,,
milk-tea,10388,,,,,,MED,,TARO,,,70.00,0.00,,,,,Y,70.00,,,,,,,,,,,,,,,,,,,,,,,,,,
miller-1lt,10282,Miller caguama,Drinks,,N,,,,,,,60.00,0.00,,,,Y,Y,60.00,15.000,,N,N,N,N,N,N,Y,N,N,N,N,N,N,N,N,N,N,N,N,N,N,N,N,N
mineral-sifon,10327,Mineral sifon,Inventario máster burger,,N,,,,,,,0.01,0.00,,,,Y,Y,0.01,8.000,0.000,N,N,N,N,N,N,N,N,N,N,N,N,N,N,N,N,N,N,N,N,N,N,N,N
modelo-especial,10582,MODELO ESPECIAL,,,N,Tamaño,Pz,,,,,40.00,0.00,,,,N,Y,40.00,,,N,N,N,N,N,N,N,N,N,N,N,N,N,N,N,N,N,N,N,N,N,N,N,N
modelo-especial,10583,,,,,,Six,,,,,200.00,0.00,,,,,Y,200.00,,,N,N,N,N,N,N,N,N,N,N,N,N,N,N,N,N,N,N,N,N,N,N,N,N
modelo-lima,10585,Modelo lima,,,N,,,,,,,variable,0.00,,,,N,Y,variable,,,N,N,N,N,N,N,N,N,N,N,N,N,N,N,N,N,N,N,N,N,N,N,N,N
mojarra-frita,10432,Mojarra frita,Mariscos,,Y,,,,,,,220.00,0.00,,,,N,Y,220.00,,,N,N,N,N,N,N,N,N,N,N,N,N,N,N,N,N,N,N,N,N,N,N,N,N
mojito-litro,10539,Mojito litro,Drinks,,N,,,,,,,130.00,0.00,,,,N,Y,130.00,,,N,N,N,N,N,N,N,N,N,N,N,N,N,N,N,N,N,N,N,N,N,N,N,N
mojitos-s/alcohol,10070,Mojitos s/alcohol,Mojitos de sabor,,N,,,,,,,45.00,35.00,,,,N,Y,45.00,,,N,N,N,N,N,N,N,N,N,N,N,N,N,N,N,N,N,N,N,N,N,N,N,N
nachos,10003,Nachos,Extras,,N,,,,,,,40.00,0.00,,,,Y,Y,40.00,717.000,0.000,N,N,N,N,N,N,N,N,N,N,N,N,N,N,N,N,N,N,N,N,N,N,N,N
nachos-con-carne,10018,Nachos con carne,Extras,,N,,,,,,,90.00,0.00,,,,Y,Y,90.00,-51.000,0.000,Y,N,N,N,Y,N,N,N,N,N,N,N,N,N,N,N,N,N,N,N,N,N,N,N
nachos-1,10110,Nachos familiares,Extras,,N,,,,,,,160.00,20.00,,,,Y,Y,160.00,99824.000,0.000,N,N,N,N,N,N,N,N,N,N,N,N,N,N,N,N,N,N,N,N,N,N,N,N
naranjada-o-limonada,10043,Naranjada o Limonada,Sodas,,N,,,,,,,40.00,0.00,,,,Y,Y,40.00,-24.000,0.000,N,N,N,N,N,N,N,N,N,N,N,N,N,N,N,N,N,N,N,N,N,N,N,N
naturales,10107,Naturales,,,N,,,,,,,100.00,50.00,,,,N,Y,100.00,,,N,N,N,N,N,N,N,N,N,N,N,N,N,N,N,N,N,N,N,N,N,N,N,N
naturales-1,10108,Naturales,,,N,,,,,,,100.00,50.00,,,,Y,Y,100.00,10000.000,0.000,N,N,N,N,N,N,N,N,N,N,N,N,N,N,N,N,N,N,N,N,N,N,N,N
new-mix,10053,New mix,Drinks,,N,,,,,,,35.00,22.00,,,,Y,Y,35.00,992.000,0.000,N,N,N,N,N,N,N,N,N,N,N,N,N,N,N,N,N,N,N,N,N,N,N,N
niño,10027,Niño,Come todo,,N,,,,,,,139.00,0.00,,,,N,Y,139.00,,,N,N,N,N,N,N,N,N,N,N,N,N,N,N,N,N,N,N,N,N,N,N,N,N
noche,10104,Noche,Envios,,N,,,,,,,30.00,0.00,,,,N,Y,30.00,,,N,N,N,N,N,N,N,N,N,N,N,N,N,N,N,N,N,N,N,N,N,N,N,N
notas,10126,Notas,Notas,,N,,,,,,,0.00,0.00,,,,N,Y,0.00,,,N,N,N,N,N,N,N,N,N,N,N,N,N,N,N,N,N,N,N,N,N,N,N,N
nuggets-y,10580,Nuggets y,Charolas,,N,,,,,,,220.00,0.00,,,,N,Y,220.00,,,N,N,N,N,N,N,N,N,N,N,N,N,N,N,N,N,N,N,N,N,N,N,N,N
nugguets,10073,Nugguets,Alitas y Boneless,,N,,,,,,,40.00,20.00,,,,Y,Y,40.00,-125.000,10.000,Y,N,N,N,N,N,N,N,N,N,N,N,N,N,N,N,N,N,N,N,N,N,N,N
ord-guacamole,10515,Ord Guacamole,Almuerzos,,N,,,,,,,70.00,0.00,,,,N,Y,70.00,,,N,N,N,N,N,N,N,N,N,N,N,N,N,N,N,N,N,N,N,N,N,N,N,N
ord-jalapeños-10-pz,10367,Ord jalapeños 10 pz,Charolas navideñas,,N,,,,,,,80.00,0.00,,,,N,Y,80.00,,,N,N,N,N,N,N,N,N,N,N,N,N,N,N,N,N,N,N,N,N,N,N,N,N
ord-nopales-asados-5pz,10366,Ord nopales asados 5pz,Charolas navideñas,,N,,,,,,,50.00,0.00,,,,N,Y,50.00,,,N,N,N,N,N,N,N,N,N,N,N,N,N,N,N,N,N,N,N,N,N,N,N,N
orden-de-10,10139,Orden de 10,,,N,,,,,,,95.00,95.00,,,,N,Y,95.00,,,N,N,N,N,N,N,N,N,N,N,N,N,N,N,N,N,N,N,N,N,N,N,N,N
orden-pollo-kfc,10548,Orden Pollo kfc,Alitas y Boneless,,N,,,,,,,120.00,0.00,,,,N,Y,120.00,,,N,N,N,N,N,N,N,N,N,N,N,N,N,N,N,N,N,N,N,N,N,N,N,N
arrachera-house,10037,Orden. Arrachera,Especiales,,N,,,,,,,140.00,65.00,,,,N,Y,140.00,,,N,Y,N,N,N,N,N,N,N,N,N,N,N,N,N,N,N,N,N,N,N,N,N,N
oren.-de-macarrones,10266,Oren. De macarrones,Extras,,N,,,,,,,50.00,50.00,,,,N,Y,50.00,,,N,N,N,N,N,N,N,N,N,N,N,N,N,N,N,N,N,N,N,N,N,N,N,N
paleta-payaso,10194,Paleta payaso,Dulces,,N,,,,,,,15.00,0.00,,,,N,Y,15.00,,,N,N,N,N,N,N,N,N,N,N,N,N,N,N,N,N,N,N,N,N,N,N,N,N
palitos-de-pollo,10244,Palitos de pollo,Extras,,N,,,,,,,100.00,0.00,,,,N,Y,100.00,,,N,N,N,N,N,N,N,N,N,N,N,N,N,N,N,N,N,N,N,N,N,N,N,N
pan-frances,10221,Pan frances,Almuerzos,,N,,,,,,,80.00,0.00,,,,N,Y,80.00,,,N,N,N,N,N,N,N,N,N,N,N,N,N,N,N,N,N,N,N,N,N,N,N,N
pan-muerto-relleno,10286,Pan muerto relleno,Sodas,,N,,,,,,,20.00,0.00,,,,N,Y,20.00,,,N,N,N,N,N,N,N,N,N,N,N,N,N,N,N,N,N,N,N,N,N,N,N,N
pancita-1,10499,Pancita,Almuerzos,,N,tamaño,1 litro,,,,,120.00,0.00,,,,N,Y,120.00,,,N,N,N,N,N,N,N,N,N,N,N,N,N,N,N,N,N,N,N,N,N,N,N,N
pancita-1,10228,,,,,,1/2 litro,,,,,70.00,0.00,,,,,Y,70.00,,,N,N,N,N,N,N,N,N,N,N,N,N,N,N,N,N,N,N,N,N,N,N,N,N
pancita-1,10500,,,,,,Plato,,,,,100.00,0.00,,,,,Y,100.00,,,N,N,N,N,N,N,N,N,N,N,N,N,N,N,N,N,N,N,N,N,N,N,N,N
papas-a-la-francesa,10146,Papas a la francesa,Alitas y Boneless,,N,,,,,,,60.00,0.00,,,,N,Y,60.00,,,Y,N,N,N,N,N,N,N,N,N,N,N,N,N,N,N,N,N,N,N,N,N,N,N
papas-colombianas,10441,Papas colombianas,Especiales,,N,,,,,,,120.00,0.00,,,,N,Y,120.00,,,N,N,N,N,N,N,N,N,N,N,N,N,N,N,N,N,N,N,N,N,N,N,N,N
papas-gajo-1,10120,Papas gajo,Alitas y Boneless,,N,,,,,,,75.00,20.00,,,,N,Y,75.00,,,Y,Y,N,N,N,N,N,N,N,N,N,N,N,N,N,N,N,N,N,N,N,N,N,N
papas-gajo-con-arrachera,10075,Papas gajo con arrachera,Especiales,,N,TAMAÑO,CHICA,,,,,90.00,95.00,,,,N,Y,90.00,,,N,Y,N,N,N,N,N,N,N,N,N,N,N,N,N,N,N,N,N,N,N,N,N,N
papas-gajo-con-arrachera,10074,,,,,,GDE,,,,,160.00,95.00,,,,,Y,160.00,,,,,,,,,,,,,,,,,,,,,,,,,,
papas-gajo-kilo,10290,Papas gajo kilo,Alitas y Boneless,,Y,,,,,,,180.00,0.00,,,,N,Y,180.00,,,N,N,N,N,N,N,N,N,N,N,N,N,N,N,N,N,N,N,N,N,N,N,N,N
papas-horneadas,10369,Papas horneadas,Charolas navideñas,,N,,,,,,,300.00,0.00,,,,N,Y,300.00,,,N,N,N,N,N,N,N,N,N,N,N,N,N,N,N,N,N,N,N,N,N,N,N,N
papas-onduladas,10234,Papas onduladas,Extras,,N,,,,,,,60.00,0.00,,,,N,Y,60.00,,,N,N,N,N,N,N,N,N,N,N,N,N,N,N,N,N,N,N,N,N,N,N,N,N
papel-de-baño,10572,Papel de baño,,,N,,,,,,,10.00,0.00,,,,N,Y,10.00,,,N,N,N,N,N,N,N,N,N,N,N,N,N,N,N,N,N,N,N,N,N,N,N,N
paquete-desayuno,10202,Paquete desayuno,Almuerzos,,N,,,,,,,80.00,0.00,,,,N,Y,80.00,,,N,N,N,N,N,N,N,N,N,N,N,N,N,N,N,N,N,N,Y,N,N,N,N,N
arroz,10341,Pasta,Almuerzos,,N,sabor,arroz,tamaño,1 litro,,,60.00,0.00,,,,N,Y,60.00,,,N,N,N,N,N,N,N,N,N,N,N,N,N,N,N,N,N,N,N,N,N,N,N,N
arroz,10257,,,,,,arroz,,1/2  litro,,,35.00,0.00,,,,,Y,35.00,,,N,N,N,N,N,N,N,N,N,N,N,N,N,N,N,N,N,N,N,N,N,N,N,N
arroz,10348,,,,,,arroz,,plato,,,35.00,0.00,,,,,Y,35.00,,,N,N,N,N,N,N,N,N,N,N,N,N,N,N,N,N,N,N,N,N,N,N,N,N
arroz,10481,,,,,,sopa,,1 litro,,,60.00,0.00,,,,,Y,60.00,,,N,N,N,N,N,N,N,N,N,N,N,N,N,N,N,N,N,N,N,N,N,N,N,N
arroz,10474,,,,,,sopa,,1/2  litro,,,35.00,0.00,,,,,Y,35.00,,,N,N,N,N,N,N,N,N,N,N,N,N,N,N,N,N,N,N,N,N,N,N,N,N
arroz,10482,,,,,,sopa,,plato,,,35.00,0.00,,,,,Y,35.00,,,N,N,N,N,N,N,N,N,N,N,N,N,N,N,N,N,N,N,N,N,N,N,N,N
arroz,10469,,,,,,spaguetti,,1 litro,,,60.00,0.00,,,,,Y,60.00,,,N,N,N,N,N,N,N,N,N,N,N,N,N,N,N,N,N,N,N,N,N,N,N,N
arroz,10468,,,,,,spaguetti,,1/2  litro,,,35.00,0.00,,,,,Y,35.00,,,N,N,N,N,N,N,N,N,N,N,N,N,N,N,N,N,N,N,N,N,N,N,N,N
arroz,10473,,,,,,spaguetti,,plato,,,35.00,0.00,,,,,Y,35.00,,,N,N,N,N,N,N,N,N,N,N,N,N,N,N,N,N,N,N,N,N,N,N,N,N
pasta-con-verduras,10574,Pasta con verduras,,,N,,,,,,,80.00,0.00,,,,N,Y,80.00,,,N,N,N,N,N,N,N,N,N,N,N,N,N,N,N,N,N,N,N,N,N,N,N,N
pastel-de-chocolate,10293,Pastel de chocolate,Postres,,N,,,,,,,340.00,0.00,,,,N,Y,340.00,,,N,N,N,N,N,N,N,N,N,N,N,N,N,N,N,N,N,N,N,N,N,N,N,N
pastel-matilda,10056,Pastel matilda,Postres,,N,,,,,,,480.00,300.00,,,,N,Y,480.00,,,N,N,N,N,N,N,N,N,N,N,N,N,N,N,N,N,N,N,N,N,N,N,N,N
pastel-pingüino,10153,Pastel Pingüino,Postres,,N,,,,,,,380.00,0.00,,,,N,Y,380.00,,,N,N,N,N,N,N,N,N,N,N,N,N,N,N,N,N,N,N,N,N,N,N,N,N
pastel-tortuga-entero,10587,Pastel tortuga entero,Postres,,N,,,,,,,380.00,0.00,,,,N,Y,380.00,,,N,N,N,N,N,N,N,N,N,N,N,N,N,N,N,N,N,N,N,N,N,N,N,N
pay-de-limón-entero,10176,Pay de limón entero,Postres,,N,,,,,,,300.00,220.00,,,,N,Y,300.00,,,N,N,N,N,N,N,N,N,N,N,N,N,N,N,N,N,N,N,N,N,N,N,N,N
pay-de-nuez,10261,Pay de nuez,Postres,,N,,,,,,,350.00,300.00,,,,N,Y,350.00,,,N,N,N,N,N,N,N,N,N,N,N,N,N,N,N,N,N,N,N,N,N,N,N,N
pay-limon-fresas,10276,Pay limon fresas,Postres,,N,,,,,,,60.00,0.00,,,,N,Y,60.00,,,N,N,N,N,N,N,N,N,N,N,N,N,N,N,N,N,N,N,N,N,N,N,N,N
pay-manzana,10310,Pay manzana,Postres,,N,,,,,,,50.00,0.00,,,,N,Y,50.00,,,N,N,N,N,N,N,N,N,N,N,N,N,N,N,N,N,N,N,N,N,N,N,N,N
pechuga-asada,10277,Pechuga asada con ensalada,Especiales,,N,,,,,,,140.00,0.00,,,,N,Y,140.00,,,N,N,N,N,N,N,N,N,N,N,N,N,N,N,N,N,N,N,N,N,N,N,N,N
pechuga-empanizada,10218,Pechuga empanizada,Almuerzos,,N,,,,,,,120.00,0.00,,,,N,Y,120.00,,,N,N,N,N,N,N,N,N,N,N,N,N,N,N,N,N,N,N,N,N,N,N,N,N
pechuga-empanizada-1,10544,Pechuga empanizada kg,Charolas navideñas,,Y,,,,,,,350.00,0.00,,,,N,Y,350.00,,,N,N,N,N,N,N,N,N,N,N,N,N,N,N,N,N,N,N,N,N,N,N,N,N
peñafiel-limón,10478,Peñafiel limón,Refrescos,,N,,,,,,,35.00,0.00,,,,Y,Y,35.00,19.000,,N,N,N,N,N,N,N,N,N,N,N,N,N,N,N,N,N,N,N,N,N,N,N,N
peñafiel-naranja,10479,Peñafiel naranja,Refrescos,,N,,,,,,,35.00,0.00,,,,Y,Y,35.00,-9.000,,N,N,N,N,N,N,N,N,N,N,N,N,N,N,N,N,N,N,N,N,N,N,N,N
pescado-crudo,10484,Pescado crudo,Extras,,Y,,,,,,,100.00,0.00,,,,N,Y,100.00,,,N,N,N,N,N,N,N,N,N,N,N,N,N,N,N,N,N,N,N,N,N,N,N,N
piña,10069,Piña,Mojitos de sabor,,N,,,,,,,variable,0.00,,,,Y,Y,variable,995.000,0.000,N,N,N,N,N,N,N,N,N,N,N,N,N,N,N,N,N,N,N,N,N,N,N,N
piña-colada-1-litro,10050,Piña colada 1 litro,Drinks,,N,,,,,,,120.00,80.00,,,,Y,Y,120.00,873.000,0.000,N,N,N,N,N,N,N,N,N,N,N,N,N,N,N,N,N,N,N,N,N,N,N,N
piña-colada-c/alcohol,10048,Piña colada c/alcohol,Drinks,,N,,,,,,,60.00,40.00,,,,N,Y,60.00,,,N,N,N,N,N,N,N,N,N,N,N,N,N,N,N,N,N,N,N,N,N,N,N,N
piña-colada-s/alcohol,10049,Piña colada s/alcohol,Drinks,,N,,,,,,,40.00,25.00,,,,N,Y,40.00,,,N,N,N,N,N,N,N,N,N,N,N,N,N,N,N,N,N,N,N,N,N,N,N,N
piña-colada,10025,Piña Colada sin alcohol,Drinks,,N,,,,,,,90.00,55.00,,,,Y,Y,90.00,973.000,,N,N,N,N,N,N,N,N,N,N,N,N,N,N,N,N,N,N,N,N,N,N,N,N
pitufo-1,10051,Pitufo o pink lady 1/2,Drinks,,N,,,,,,,60.00,0.00,,,,Y,Y,60.00,827.000,0.000,N,N,N,N,N,N,N,N,N,N,N,N,N,N,N,N,N,N,N,N,N,N,N,N
pitufo-o-pink-lady-1lt,10022,Pitufo o pink lady 1lt,Drinks,,N,,,,,,,95.00,65.00,,,,N,Y,95.00,,,N,N,Y,N,N,N,N,N,N,N,N,N,N,N,N,N,N,N,N,N,N,N,N,N
pitufo,10024,Pitufo sin alcohol 1\2,Drinks,,N,,,,,,,40.00,65.00,,,,Y,Y,40.00,938.000,0.000,N,N,N,N,N,N,N,N,N,N,N,N,N,N,N,N,N,N,N,N,N,N,N,N
pizza-birria,10042,Pizza birria,Almuerzos,,N,,,,,,,185.00,0.00,,,,N,Y,185.00,,,N,N,N,N,N,N,N,N,N,N,N,N,N,N,N,N,N,N,N,N,N,N,N,N
platillo-navideño,10168,Platillo navideño,Charolas navideñas,,N,,,,,,,220.00,0.00,,,,N,Y,220.00,,,N,N,N,N,N,N,N,N,N,N,N,N,N,N,N,N,N,N,N,N,N,N,N,N
plato,10315,Plato,Sueltos,,N,,,,,,,5.00,0.00,,,,N,Y,5.00,,,N,N,N,N,N,N,N,N,N,N,N,N,N,N,N,N,N,N,N,N,N,N,N,N
plato-hamburguesero,10311,Plato hamburguesero,,,N,,,,,,,5.00,0.00,,,,N,Y,5.00,,,N,N,N,N,N,N,N,N,N,N,N,N,N,N,N,N,N,N,N,N,N,N,N,N
ponche-litro,10483,Ponche litro,Bebidas,,N,,,,,,,70.00,0.00,,,,N,Y,70.00,,,N,N,N,N,N,N,N,N,N,N,N,N,N,N,N,N,N,N,N,N,N,N,N,N
power,10184,Power,Refrescos,,N,,,,,,,40.00,0.00,,,,Y,N,40.00,6.000,2.000,N,N,N,N,N,N,N,N,N,N,N,N,N,N,N,N,N,N,N,N,N,N,N,N
powerade,10467,Powerade,Bebidas,,N,,,,,,,45.00,0.00,,,,N,Y,45.00,,,N,N,N,N,N,N,N,N,N,N,N,N,N,N,N,N,N,N,N,N,N,N,N,N
dorado,10167,Pozole,Almuerzos,,N,Pozole,Chico $40,,,,,40.00,0.00,,,,N,Y,40.00,,,N,N,N,N,N,N,N,N,N,N,N,N,N,N,N,N,N,N,N,N,N,N,N,N
dorado,10177,,,,,,Gde$60,,,,,60.00,0.00,,,,,Y,60.00,,,N,N,N,N,N,N,N,N,N,N,N,N,N,N,N,N,N,N,N,N,N,N,N,N
dorado,10183,,,,,,Litro $80,,,,,80.00,0.00,,,,,Y,80.00,,,N,N,N,N,N,N,N,N,N,N,N,N,N,N,N,N,N,N,N,N,N,N,N,N
pozole-1/2-litro-llevar,10462,Pozole 1/2 litro llevar,Almuerzos,,N,,,,,,,45.00,0.00,,,,N,Y,45.00,,,N,N,N,N,N,N,N,N,N,N,N,N,N,N,N,N,N,N,N,N,N,N,N,N
pozole-camaron,10549,Pozole camaron,Almuerzos,,N,,,,,,,50.00,0.00,,,,N,Y,50.00,,,N,N,N,N,N,N,N,N,N,N,N,N,N,N,N,N,N,N,N,N,N,N,N,N
prólogo-mojarra-frita-2kg,10095,Promoción mojarra frita 2kg,Charolas,,N,,,,,,,300.00,0.00,,,,N,Y,300.00,,,N,N,N,N,N,N,N,N,N,N,N,N,N,N,N,N,N,N,N,N,N,N,N,N
puerco-al-horno,10150,PUERCO AL HORNO,Charolas navideñas,,Y,,,,,,,300.00,0.00,,,,N,Y,300.00,,,N,N,N,N,N,N,N,N,N,N,N,N,N,N,N,N,N,N,N,N,N,N,N,N
quesabirrias,10226,Quesabirrias,Almuerzos,,N,,,,,,,45.00,0.00,,,,N,Y,45.00,,,N,N,N,N,N,N,N,N,N,N,N,N,N,N,N,N,N,N,N,N,N,N,N,N
quesabirrias-promo,10516,Quesabirrias promo,Promos,,N,,,,,,,variable,0.00,,,,N,Y,variable,,,N,N,N,N,N,N,N,N,N,N,N,N,N,N,N,N,N,N,N,N,N,N,N,N
quesadillas,10418,Quesadillas,Almuerzos,,N,Sabor,Albondigas,,,,,30.00,25.00,,,,N,Y,30.00,,,N,N,N,N,N,N,N,N,N,N,N,N,N,N,N,N,N,N,N,N,N,N,N,N
quesadillas,10413,,,,,,Champiñones,,,,,30.00,25.00,,,,,Y,30.00,,,N,N,N,N,N,N,N,N,N,N,N,N,N,N,N,N,N,N,N,N,N,N,N,N
quesadillas,10442,,,,,,Chicharrón,,,,,30.00,25.00,,,,,Y,30.00,,,N,N,N,N,N,N,N,N,N,N,N,N,N,N,N,N,N,N,N,N,N,N,N,N
quesadillas,10374,,,,,,Mole verde,,,,,30.00,30.00,,,,,Y,30.00,,,N,N,N,N,N,N,N,N,N,N,N,N,N,N,N,N,N,N,N,N,N,N,N,N
quesadillas,10417,,,,,,Molida,,,,,30.00,25.00,,,,,Y,30.00,,,N,N,N,N,N,N,N,N,N,N,N,N,N,N,N,N,N,N,N,N,N,N,N,N
quesadillas,10449,,,,,,Prensado,,,,,30.00,25.00,,,,,Y,30.00,,,N,N,N,N,N,N,N,N,N,N,N,N,N,N,N,N,N,N,N,N,N,N,N,N
quesadillas,10452,,,,,,Queso,,,,,30.00,25.00,,,,,Y,30.00,,,N,N,N,N,N,N,N,N,N,N,N,N,N,N,N,N,N,N,N,N,N,N,N,N
quesadillas,10443,,,,,,Rajas,,,,,30.00,25.00,,,,,Y,30.00,,,N,N,N,N,N,N,N,N,N,N,N,N,N,N,N,N,N,N,N,N,N,N,N,N
quesadillas,10376,,,,,,Tinga,,,,,30.00,30.00,,,,,Y,30.00,,,N,N,N,N,N,N,N,N,N,N,N,N,N,N,N,N,N,N,N,N,N,N,N,N
queso-laposta,10111,queso laposta,,<p>queso laposta</p>,Y,,,,,,,90.00,0.00,,,,Y,N,90.00,0.000,5.000,N,N,N,N,N,N,N,N,N,N,N,N,N,N,N,N,N,N,N,N,N,N,N,N
rebanada-matilda,10569,Rebanada matilda,Postres,,N,,,,,,,35.00,0.00,,,,N,Y,35.00,,,N,N,N,N,N,N,N,N,N,N,N,N,N,N,N,N,N,N,N,N,N,N,N,N
rebanadas,10463,Rebanadas,Postres,,N,Sabores,Cheescake frambuesa,,,,,50.00,0.00,,,,N,Y,50.00,,,N,N,N,N,N,N,N,N,N,N,N,N,N,N,N,N,N,N,N,N,N,N,N,N
rebanadas,10464,,,,,,Cheescake tortuga,,,,,50.00,0.00,,,,,Y,50.00,,,N,N,N,N,N,N,N,N,N,N,N,N,N,N,N,N,N,N,N,N,N,N,N,N
rebanadas,10466,,,,,,Pay de limon,,,,,45.00,0.00,,,,,Y,45.00,,,N,N,N,N,N,N,N,N,N,N,N,N,N,N,N,N,N,N,N,N,N,N,N,N
rebanadas,10465,,,,,,Pinguino,,,,,50.00,0.00,,,,,Y,50.00,,,N,N,N,N,N,N,N,N,N,N,N,N,N,N,N,N,N,N,N,N,N,N,N,N
recarga-cel,10066,Recarga cel,,,N,,,,,,,variable,0.00,,,,N,Y,variable,,,N,N,N,N,N,N,N,N,N,N,N,N,N,N,N,N,N,N,N,N,N,N,N,N
coca-2lt,10092,REFRESCO 2L,Refrescos,,N,SABOR,COCA,,,,,50.00,0.00,,,,Y,Y,50.00,-10.000,0.000,N,N,N,N,N,N,N,N,N,N,N,N,N,N,N,N,N,N,N,N,N,N,N,N
coca-2lt,10116,,,,,,JARRITO SABOR,,,,,50.00,0.00,,,,,Y,50.00,3.000,,N,N,N,N,N,N,N,N,N,N,N,N,N,N,N,N,N,N,N,N,N,N,N,N
coca-2lt,10112,,,,,,MINERAL SIFON,,,,,50.00,0.00,,,,,Y,50.00,-1.000,,N,N,N,N,N,N,N,N,N,N,N,N,N,N,N,N,N,N,N,N,N,N,N,N
coca-2lt,10100,,,,,,SQUIRT,,,,,50.00,0.00,,,,,Y,50.00,0.000,,N,N,N,N,N,N,N,N,N,N,N,N,N,N,N,N,N,N,N,N,N,N,N,N
refresco-600,10554,Refresco 600,,,N,,,,,,,35.00,0.00,,,,Y,N,35.00,0.000,,N,N,N,N,N,N,Y,N,N,N,N,N,N,N,N,N,N,N,N,N,N,N,N,N
squirt-355ml,10451,Refresco sabor,Refrescos,,N,SABORES,MANDARINA,TAMAÑO,355ML,,,35.00,10.00,,,,Y,Y,35.00,-1.000,,N,N,Y,N,N,N,N,N,N,N,N,N,N,N,N,N,N,N,N,N,N,N,N,N
squirt-355ml,10450,,,,,,MANDARINA,,600ML,,,35.00,10.00,,,,,Y,35.00,-15.000,,,,,,,,,,,,,,,,,,,,,,,,,
squirt-355ml,10457,,,,,,MANZANA,,355ML,,,35.00,10.00,,,,,Y,35.00,-32.000,,,,,,,,,,,,,,,,,,,,,,,,,
squirt-355ml,10456,,,,,,MANZANA,,600ML,,,35.00,10.00,,,,,Y,35.00,-21.000,,,,,,,,,,,,,,,,,,,,,,,,,
squirt-355ml,10279,,,,,,PIÑA,,355ML,,,35.00,10.00,,,,,Y,35.00,-6.000,,,,,,,,,,,,,,,,,,,,,,,,,
squirt-355ml,10278,,,,,,PIÑA,,600ML,,,35.00,10.00,,,,,Y,35.00,-25.000,,,,,,,,,,,,,,,,,,,,,,,,,
squirt-355ml,10460,,,,,,SQUIRT,,355ML,,,35.00,10.00,,,,,Y,35.00,-165.000,,,,,,,,,,,,,,,,,,,,,,,,,
squirt-355ml,10459,,,,,,SQUIRT,,600ML,,,35.00,10.00,,,,,Y,35.00,-80.000,,,,,,,,,,,,,,,,,,,,,,,,,
squirt-355ml,10323,,,,,,TAMARINDO,,355ML,,,35.00,10.00,,,,,Y,35.00,5.000,,,,,,,,,,,,,,,,,,,,,,,,,
squirt-355ml,10322,,,,,,TAMARINDO,,600ML,,,35.00,10.00,,,,,Y,35.00,-11.000,,,,,,,,,,,,,,,,,,,,,,,,,
squirt-355ml,10436,,,,,,TUTI,,355ML,,,35.00,10.00,,,,,Y,35.00,5.000,,,,,,,,,,,,,,,,,,,,,,,,,
squirt-355ml,10414,,,,,,TUTI,,600ML,,,35.00,10.00,,,,,Y,35.00,-7.000,,,,,,,,,,,,,,,,,,,,,,,,,
squirt-355ml,10454,,,,,,UVA,,355ML,,,35.00,10.00,,,,,Y,35.00,-1.000,,,,,,,,,,,,,,,,,,,,,,,,,
squirt-355ml,10453,,,,,,UVA,,600ML,,,35.00,10.00,,,,,Y,35.00,-6.000,,,,,,,,,,,,,,,,,,,,,,,,,
rosca-con-nata,10298,Rosca con nata,Postres,,N,,,,,,,35.00,0.00,,,,N,Y,35.00,,,N,N,N,N,N,N,N,N,N,N,N,N,N,N,N,N,N,N,N,N,N,N,N,N
papas,10563,Sabritas,,,N,Tipo,Chetos,,,,,25.00,0.00,,,,N,Y,25.00,,,N,N,N,N,N,N,N,N,N,N,N,N,N,N,N,N,N,N,N,N,N,N,N,N
papas,10564,,,,,,Chicos,,,,,25.00,0.00,,,,,Y,25.00,,,N,N,N,N,N,N,N,N,N,N,N,N,N,N,N,N,N,N,N,N,N,N,N,N
papas,10562,,,,,,Doritos,,,,,35.00,0.00,,,,,Y,35.00,,,N,N,N,N,N,N,N,N,N,N,N,N,N,N,N,N,N,N,N,N,N,N,N,N
papas,10561,,,,,,Solo papas,,,,,35.00,0.00,,,,,Y,35.00,,,N,N,N,N,N,N,N,N,N,N,N,N,N,N,N,N,N,N,N,N,N,N,N,N
sabrítas-1,10586,Sabrítas,,,N,,,,,,,20.00,0.00,,,,N,Y,20.00,,,N,N,N,N,N,N,N,N,N,N,N,N,N,N,N,N,N,N,N,N,N,N,N,N
salchipapas,10128,Salchipapas,Alitas y Boneless,,N,,,,,,,70.00,0.00,,,,N,Y,70.00,,,N,N,N,N,N,N,N,N,N,N,N,N,N,N,N,N,N,N,N,N,N,N,N,N
salchipulpos,10081,Salchipulpos,Alitas y Boneless,,N,,,,,,,70.00,0.00,,,,N,Y,70.00,,,N,N,N,N,N,N,N,N,N,N,N,N,N,N,Y,N,N,N,N,N,N,N,N,N
salmón,10455,Salmón,Especiales,,N,,,,,,,150.00,0.00,,,,N,Y,150.00,,,N,N,N,N,N,N,N,N,N,N,N,N,N,N,N,N,N,N,N,N,N,N,N,N
sandwich,10237,Sandwich,Almuerzos,,N,Sabor,Jamon de pavo,,,,,45.00,0.00,,,,N,Y,45.00,,,Y,N,N,N,N,N,N,N,N,N,N,N,N,N,N,N,N,N,N,N,N,N,N,N
sandwich,10238,,,,,,Pechuga asada,,,,,55.00,0.00,,,,,Y,55.00,,,,,,,,,,,,,,,,,,,,,,,,,,
sandy-efectivo,10295,Sandy efectivo,,,N,,,,,,,variable,0.00,,,,N,Y,variable,,,N,N,N,N,N,N,N,N,N,N,N,N,N,N,N,N,N,N,N,N,N,N,N,N
sincronizada-solo-queso,10547,Sincronizada solo queso,Almuerzos,,N,,,,,,,40.00,0.00,,,,N,Y,40.00,,,N,N,N,N,N,N,N,N,N,N,N,N,N,N,N,N,N,N,N,N,N,N,N,N
sincronizadas,10297,Sincronizadas,Burritos y Gringas,,N,,,,,,,60.00,0.00,,,,N,Y,60.00,,,Y,N,N,N,N,N,N,N,N,N,N,N,N,N,N,N,N,N,N,N,N,N,N,N
sky,10299,Sky,Drinks,,N,,,,,,,45.00,0.00,,,,N,Y,45.00,,,N,N,N,N,N,N,N,N,N,N,N,N,N,N,N,N,N,N,N,N,N,N,N,N
soda-y-tea,10378,Soda y Tea,alexa bubble,,N,Tamaño,CH,Tipo,BLACK TEA,,,60.00,0.00,,,,N,Y,60.00,,,N,N,N,N,N,N,N,N,N,N,N,Y,Y,N,N,N,N,N,N,N,N,N,N,N
soda-y-tea,10377,,,,,,CH,,GREEN TEA,,,60.00,0.00,,,,,Y,60.00,,,,,,,,,,,,,,,,,,,,,,,,,,
soda-y-tea,10379,,,,,,CH,,SODA ITALIANA,,,60.00,0.00,,,,,Y,60.00,,,,,,,,,,,,,,,,,,,,,,,,,,
soda-y-tea,10405,,,,,,GDE,,BLACK TEA,,,80.00,0.00,,,,,Y,80.00,,,,,,,,,,,,,,,,,,,,,,,,,,
soda-y-tea,10404,,,,,,GDE,,GREEN TEA,,,80.00,0.00,,,,,Y,80.00,,,,,,,,,,,,,,,,,,,,,,,,,,
soda-y-tea,10406,,,,,,GDE,,SODA ITALIANA,,,80.00,0.00,,,,,Y,80.00,,,,,,,,,,,,,,,,,,,,,,,,,,
soda-y-tea,10402,,,,,,MED,,BLACK TEA,,,70.00,0.00,,,,,Y,70.00,,,,,,,,,,,,,,,,,,,,,,,,,,
soda-y-tea,10401,,,,,,MED,,GREEN TEA,,,70.00,0.00,,,,,Y,70.00,,,,,,,,,,,,,,,,,,,,,,,,,,
soda-y-tea,10403,,,,,,MED,,SODA ITALIANA,,,70.00,0.00,,,,,Y,70.00,,,,,,,,,,,,,,,,,,,,,,,,,,
sopes,10476,Sopes,Almuerzos,,N,,,,,,,35.00,0.00,,,,N,Y,35.00,,,N,N,N,N,N,N,N,N,N,N,N,N,N,N,N,N,N,N,N,N,N,N,N,N
super-cheese-hamburguesa,10152,Super Cheese Hamburguesa,HAMBURGUESAS,,N,,,,,,,220.00,0.00,,,,N,Y,220.00,,,N,N,N,N,N,N,N,N,N,N,N,N,N,N,N,N,N,N,N,N,N,N,N,N
sushi-empanizado,10023,Sushi Empanizado,Alitas y Boneless,,N,,,,,,,110.00,0.00,,,,N,Y,110.00,,,N,N,N,N,N,N,N,N,N,N,N,N,N,N,N,N,N,N,N,N,N,N,N,N
"empanizado-camarón,arrachera",10138,Sushi MARYTIERRA,Alitas y Boneless,,N,,,,,,,105.00,0.00,,,,N,Y,180.00,,,N,N,N,N,N,N,N,N,N,N,N,N,N,N,N,N,N,N,N,N,N,N,N,N
orden-de-sushi-10-pesdasitos,10140,Sushi PASTOR,Alitas y Boneless,,N,,,,,,,105.00,105.00,,,,N,Y,150.00,,,N,N,N,N,N,N,N,N,N,N,N,N,N,N,N,N,N,N,N,N,N,N,N,N
taco-cecina,10475,Taco cecina,Almuerzos,,N,,,,,,,35.00,0.00,,,,N,Y,35.00,,,N,N,N,N,N,N,N,N,N,N,N,N,N,N,N,N,N,N,N,N,N,N,N,N
taco-de-birria,10258,Taco de birria,Almuerzos,,N,,,,,,,35.00,0.00,,,,N,Y,35.00,,,N,N,N,N,N,N,N,N,N,N,N,N,N,N,N,N,N,N,N,N,N,N,N,N
taco-ahujas,10318,Tacos,Tacos,,N,sabor,AHUJAS,,,,,35.00,18.00,,,,N,Y,35.00,,,N,Y,N,N,N,N,N,N,N,N,N,N,N,N,N,N,N,N,N,N,N,N,N,N
taco-ahujas,10269,,,,,,ARRACHERA,,,,,35.00,18.00,,,,,Y,35.00,,,,,,,,,,,,,,,,,,,,,,,,,,
taco-ahujas,10036,,,,,,Bisteck,,,,,35.00,0.00,,,,,Y,35.00,,,,,,,,,,,,,,,,,,,,,,,,,,
taco-ahujas,10316,,,,,,CAMPECHANO,,,,,35.00,18.00,,,,,Y,35.00,,,,,,,,,,,,,,,,,,,,,,,,,,
taco-ahujas,10289,,,,,,CHULETA,,,,,35.00,18.00,,,,,Y,35.00,,,,,,,,,,,,,,,,,,,,,,,,,,
taco-ahujas,10308,,,,,,LONGANIZA,,,,,35.00,18.00,,,,,Y,35.00,,,,,,,,,,,,,,,,,,,,,,,,,,
taco-ahujas,10506,,,,,,OTRO,,,,,40.00,18.00,,,,,Y,40.00,,,,,,,,,,,,,,,,,,,,,,,,,,
taco-ahujas,10344,,,,,,PASTOR,,,,,35.00,18.00,,,,,Y,35.00,,,,,,,,,,,,,,,,,,,,,,,,,,
taco-ahujas,10505,,,,,,SUADERO,,,,,35.00,18.00,,,,,Y,35.00,,,,,,,,,,,,,,,,,,,,,,,,,,
taco-ahujas,10099,,,,,,TRIPA,,,,,40.00,18.00,,,,,Y,40.00,,,,,,,,,,,,,,,,,,,,,,,,,,
te,10076,Te,Bebidas,,N,,,,,,,25.00,0.00,,,,N,Y,25.00,,,N,N,N,N,N,N,N,N,N,N,N,N,N,N,N,N,N,N,N,N,N,N,N,N
tequila,10124,TEQUILA,Drinks,,Y,TAMAÑO,BOTELLA,,,,,1200.00,700.00,,,,Y,Y,1200.00,49.958,10.000,N,N,N,N,N,N,N,N,N,N,N,N,N,N,N,N,N,N,N,N,N,N,N,N
tequila,10119,,,,,,SHOT 50ml,,,,,50.00,45.00,,,,,Y,50.00,-8.000,10.000,N,N,N,N,N,N,N,N,N,N,N,N,N,N,N,N,N,N,N,N,N,N,N,N
torta-de-jamón/salchicha,10542,Torta de jamón/salchicha,Almuerzos,,N,,,,,,,45.00,0.00,,,,N,Y,45.00,,,N,N,N,N,N,N,N,N,N,N,N,N,N,N,N,N,N,N,N,N,N,N,N,N
torta-de-mole-verde,10543,Torta de mole verde,Almuerzos,,N,,,,,,,45.00,0.00,,,,N,Y,45.00,,,N,N,N,N,N,N,N,N,N,N,N,N,N,N,N,N,N,N,N,N,N,N,N,N
tortas,10304,Tortas,Almuerzos,,N,,,,,,,50.00,0.00,,,,N,Y,50.00,,,N,N,N,N,N,N,N,N,N,N,N,N,N,N,N,N,N,N,N,N,N,N,N,N
tortas-milanesa,10541,Tortas milanesa,Almuerzos,,N,,,,,,,50.00,0.00,,,,N,Y,50.00,,,N,N,N,N,N,N,N,N,N,N,N,N,N,N,N,N,N,N,N,N,N,N,N,N
tostadas,10434,Tostadas,Mariscos,,N,camaron,1pz,,,,,45.00,0.00,,,,N,Y,45.00,,,N,N,N,N,N,N,N,N,N,N,N,N,N,N,N,N,N,N,N,N,N,N,N,N
tostadas,10435,,,,,,3pz,,,,,120.00,0.00,,,,,Y,120.00,,,N,N,N,N,N,N,N,N,N,N,N,N,N,N,N,N,N,N,N,N,N,N,N,N
uvas-philadelphia,10130,Uvas philadelphia,Postres,,N,,,,,,,40.00,0.00,,,,Y,Y,45.00,5.000,5.000,N,N,N,N,N,N,N,N,N,N,N,N,N,N,N,N,N,N,N,N,N,N,N,N
v-1-kg-leg,10199,V 1 kg leg,V Wings & Boneless,,N,,,,,,,220.00,0.00,,,,N,N,220.00,,,N,N,N,N,N,N,N,N,N,N,N,N,N,N,N,N,N,N,N,N,N,N,N,N
vaso,10312,Vaso,Suelto,,N,,,,,,,5.00,0.00,,,,N,Y,5.00,,,N,N,N,N,N,N,N,N,N,N,N,N,N,N,N,N,N,N,N,N,N,N,N,N
vaso-de-leche,10487,Vaso de leche,Bebidas,,N,,,,,,,20.00,0.00,,,,N,Y,20.00,,,N,N,N,N,N,N,N,N,N,N,N,N,N,N,N,N,N,N,N,N,N,N,N,N
vaso-doriloco,10578,Vaso doriloco,Dulces,,N,,,,,,,60.00,0.00,,,,N,Y,60.00,,,N,N,N,N,N,N,N,N,N,N,N,N,N,N,N,N,N,N,N,N,N,N,N,N
vaso-doriloco-1,10579,Vaso doriloco,Postres,,N,,,,,,,60.00,0.00,,,,N,Y,60.00,,,N,N,N,N,N,N,N,N,N,N,N,N,N,N,N,N,N,N,N,N,N,N,N,N
vaso-escarchado-chico,10214,Vaso escarchado chico,Drinks,,N,,,,,,,10.00,0.00,,,,N,Y,10.00,,,N,N,N,N,N,N,N,N,N,N,N,N,N,N,N,N,N,N,N,N,N,N,N,N
vaso-loco,10584,Vaso loco,Dulces,,N,,,,,,,variable,0.00,,,,N,Y,variable,,,N,N,N,N,N,N,N,N,N,N,N,N,N,N,N,N,N,N,N,N,N,N,N,N
vaso-preparado-chico,10566,Vaso preparado.,,,N,Tamaño,Chico,Escarchado,Clamato,,,20.00,0.00,,,,N,Y,20.00,,,N,N,N,N,N,N,N,N,N,N,N,N,N,N,N,N,N,N,N,N,N,N,N,N
vaso-preparado-chico,10567,,,,,,Chico,,Cubano,,,15.00,0.00,,,,,Y,15.00,,,N,N,N,N,N,N,N,N,N,N,N,N,N,N,N,N,N,N,N,N,N,N,N,N
vaso-preparado-chico,10568,,,,,,Chico,,Solo eacarchado,,,10.00,0.00,,,,,Y,10.00,,,N,N,N,N,N,N,N,N,N,N,N,N,N,N,N,N,N,N,N,N,N,N,N,N
vaso-preparado-chico,10410,,,,,,Grande,,Clamato,,,40.00,0.00,,,,,Y,40.00,,,N,N,N,N,N,N,N,N,N,N,N,N,N,N,N,N,N,N,N,N,N,N,N,N
vaso-preparado-chico,10557,,,,,,Grande,,Cubano,,,30.00,0.00,,,,,Y,30.00,,,N,N,N,N,N,N,N,N,N,N,N,N,N,N,N,N,N,N,N,N,N,N,N,N
vaso-preparado-chico,10565,,,,,,Grande,,Solo eacarchado,,,20.00,0.00,,,,,Y,20.00,,,N,N,N,N,N,N,N,N,N,N,N,N,N,N,N,N,N,N,N,N,N,N,N,N
vino-blanco-botella,10512,Vino blanco botella,Drinks,,N,,,,,,,240.00,0.00,,,,N,Y,240.00,,,N,N,N,N,N,N,N,N,N,N,N,N,N,N,N,N,N,N,N,N,N,N,N,N
volcanes,10141,volcanes,Tacos,,N,SABORES,arrachera,,,,,50.00,0.00,,,,N,Y,50.00,,,N,N,N,N,N,N,N,N,N,N,N,N,N,N,N,N,N,N,N,N,N,N,N,N
volcanes,10131,,,,,,bisteck res,,,,,50.00,0.00,,,,,Y,50.00,,,N,N,N,N,N,N,N,N,N,N,N,N,N,N,N,N,N,N,N,N,N,N,N,N
volcanes,10134,,,,,,campechano,,,,,50.00,0.00,,,,,Y,50.00,,,N,N,N,N,N,N,N,N,N,N,N,N,N,N,N,N,N,N,N,N,N,N,N,N
volcanes,10133,,,,,,chuleta,,,,,50.00,0.00,,,,,Y,50.00,,,N,N,N,N,N,N,N,N,N,N,N,N,N,N,N,N,N,N,N,N,N,N,N,N
volcanes,10144,,,,,,longaniza,,,,,50.00,0.00,,,,,Y,50.00,,,N,N,N,N,N,N,N,N,N,N,N,N,N,N,N,N,N,N,N,N,N,N,N,N
volcanes,10121,,,,,,tripa,,,,,60.00,0.00,,,,,Y,60.00,,,N,N,N,N,N,N,N,N,N,N,N,N,N,N,N,N,N,N,N,N,N,N,N,N
